WAFER_ID,STAGE,AVG_REMOVAL_RATE
-4224160600,A,61.6548
-4224160584,B,75.86415
-4224160580,B,71.907
-4113511818,A,65.0223
-4113511814,A,58.27905
-4113511780,A,61.04565
-2697400536,B,69.83865
-873170248,A,55.66965
371447024,A,149.1309
371447028,A,152.04915
371447036,A,151.70175
-4224160694,A,57.86655
-4224160690,A,57.8484
-4224160600,B,61.18935
-4224160592,B,60.39825
-4113511808,A,53.64735
-4113511796,A,59.1954
-4113511792,A,59.8572
-4113511756,A,55.60095
-4113511752,A,56.95725
-4113511748,A,56.09865
-4111511820,A,54.59835
-2697400532,B,64.45425
-875170052,B,65.91045
-873170272,A,55.08765
-873170256,B,58.8924
-4226160424,A,63.24495
-4224160702,B,65.30385
-4224160694,B,65.64675
-4224160690,B,66.4284
-4224160650,A,61.0698
-4224160646,A,62.62545
-4113511826,A,62.3022
-4113511818,B,64.29195
-4113511814,B,67.5714
-4113511808,B,69.23745
-4113511792,B,66.486
-4111511824,A,64.21455
-875170112,B,63.42225
-873170366,A,59.68785
-873170354,A,60.59415
-873170346,A,63.01095
-873170342,B,63.5892
-873170338,A,61.75965
-873170318,A,64.5318
-873170272,B,64.89795
-873170248,B,63.10665
-873170244,B,68.45265
329446692,A,147.8967
329446708,A,151.45845
329446712,A,147.66225
371447032,A,149.99265
373446778,A,148.7994
-4228160600,A,62.05515
-4228160596,A,61.1604
-4228160580,A,58.3518
-4226160424,B,64.1814
-4226160416,A,57.9618
-4226160396,A,61.22265
-4224160662,A,64.35705
-4224160654,A,60.3432
-4113511826,B,64.34145
-4113511822,B,69.0819
-4113511804,B,72.5376
-4113511796,B,71.1123
-4113511784,B,74.37165
-4113511764,B,60.0153
-4113511756,B,78.70095
-4113511752,B,64.08075
-4113511748,B,71.89545
-4111511824,B,63.04155
-4111511820,B,65.45685
-873170366,B,59.37135
-873170354,B,65.79675
-873170318,B,66.2457
-873170306,A,60.16635
329446704,A,147.94095
329446850,A,148.9476
329446858,A,148.55745
329446874,A,149.9172
-4228160690,A,64.521
-4228160604,A,60.6567
-4228160600,B,72.4548
-4228160596,B,71.0739
-4228160580,B,73.3764
-4226160416,B,72.28245
-4226160408,B,75.1281
-4226160404,B,71.91825
-4226160396,B,77.4597
-4224160662,B,69.36975
-4224160650,B,65.64225
-4113511800,B,67.19175
-879170270,A,60.4995
-879170254,A,66.07485
-873170362,B,69.61065
-873170334,A,60.5967
-873170306,B,70.986
329446866,A,145.78785
329446870,A,147.02025
329446878,A,148.90305
329446902,A,147.288
3834719080,A,64.87095
-4228160702,A,67.42425
-4228160690,B,68.48055
-4228160682,A,70.0665
-4228160678,A,66.02895
-4228160608,B,72.48105
-879170112,A,65.77155
-879170108,A,68.5827
-879170100,A,65.36535
-879170096,A,64.4553
-879170092,A,71.59845
-879170088,A,66.2058
-879170072,A,71.253
329446854,A,147.8196
2717292858,A,66.2304
-4230160598,A,68.8818
-4228160686,A,72.37185
-4228160670,A,74.21805
-4228160662,A,72.79755
-4228160642,A,78.33675
2717292822,A,72.0921
2717292834,A,70.43655
2717292838,A,70.90125
2717292862,A,69.18045
-879170258,B,77.03805
-879170104,A,72.73455
-879170100,B,72.7671
327446710,A,148.0974
327446714,A,140.7813
327446718,A,146.526
329446886,A,147.83265
329446898,A,145.96965
329446906,A,148.7034
329446910,A,146.1354
-4230160594,B,70.0533
-4228160702,B,69.62205
-4228160694,B,69.89805
-4228160686,B,70.2468
-4228160670,B,69.83175
-4228160642,B,68.7276
-1183530654,A,144.801
-879170108,B,73.7268
-879170072,B,72.5385
-877170268,A,69.24525
327446608,A,147.71025
327446612,A,148.31265
327446706,A,143.4168
2717292842,B,72.813
2717292858,B,68.23875
-4228160658,A,61.94655
-4216160666,A,61.4217
-4216160624,A,58.81275
-879170068,A,63.34515
-877170366,A,69.8253
-877170338,A,65.424
-877170322,A,65.90055
-877170264,A,60.30495
327446616,A,148.4082
327446690,A,146.95845
2717292818,B,77.61765
2717292822,B,74.14575
-4228160698,B,74.91585
-4216160670,A,64.90665
-4216160662,A,63.6816
-899170202,A,65.35665
-899170186,A,65.36175
-879170080,B,70.7364
-879170076,A,65.5623
-877170358,B,71.14995
-877170350,A,61.56015
-877170330,A,61.5486
-877170326,A,61.2159
-877170272,A,65.0508
-877170268,B,72.0123
-877170260,A,57.82185
327446644,A,143.9568
327446648,A,145.8369
2703293050,A,61.77915
2717292802,A,60.1968
-4228160658,B,72.771
-4216160658,A,58.9947
-4216160650,A,59.3889
-4216160624,B,70.71435
-1183530612,A,141.7074
-899170198,A,63.6546
-899170156,A,59.2407
-877170366,B,69.8028
-877170346,B,72.50895
-877170322,B,70.4697
-877170264,B,68.8746
327446592,A,142.24515
327446596,A,138.55335
327446604,A,142.20915
3834719044,B,63.35175
-4228160662,B,61.59885
-4216160670,B,67.6425
-4216160646,B,64.34745
-1183530626,A,143.36115
-879170084,B,65.9394
-879170076,B,58.98405
-877170314,B,65.7627
333446656,A,148.5384
2703293042,A,54.82875
2703293054,A,56.79555
2717292802,B,63.93645
-4216160702,A,55.0086
-4216160694,A,56.9127
-4216160642,A,56.9673
-2701400532,A,58.7895
333446668,A,146.6874
-1183530620,A,143.5344
-899170148,B,59.8281
331446662,A,147.03675
331446670,A,148.44345
333446858,A,147.1098
-4230160436,B,54.3072
-4222160582,B,57.58005
-4222160428,A,53.6943
-4222160420,A,53.7738
-4222160392,A,53.42655
-4220160674,A,58.9389
-4216160690,B,60.7173
-2579249814,A,56.5359
321446688,A,144.6135
327446640,A,143.66955
331446628,A,145.3266
331446632,A,145.0794
333446672,A,144.4905
333446862,A,146.7081
333446882,A,147.61455
2703293046,B,60.10935
2703293060,B,59.27085
2703293068,B,59.48385
2703293076,B,60.3726
3840719298,B,56.50905
-4230160416,B,81.83385
-4222160606,B,59.78145
-4222160448,A,65.16345
-4222160428,B,79.52355
-4220160682,B,69.39165
-4220160678,B,74.18535
-4220160604,A,64.4562
-899170132,B,69.28185
-899170124,B,68.8011
2703293072,B,63.99765
3838719142,B,70.93395
-4222160578,B,85.6827
-4222160432,B,78.6462
-4220160604,B,82.51935
-4141512112,B,83.1564
-4111511816,A,73.4904
-2579249810,A,73.55835
-2579249784,A,73.7235
321446858,A,149.5467
321446862,A,148.9725
321446874,A,149.0052
331446658,A,151.53825
333446660,A,148.2864
-4208160362,A,82.58775
-2579249780,B,87.85365
321446716,A,146.4642
321446878,A,144.37395
-4111511812,B,84.74295
-2579249818,B,89.48385
-897170414,A,83.55975
4203773450,A,79.60575
-4220160686,B,82.76775
-4210160444,A,75.0489
-903170198,A,68.30775
-897170370,A,78.9837
319446604,A,151.12455
333446910,A,154.2093
4203773632,A,78.0987
4203773640,A,73.9929
4203773692,A,73.9743
-4230160424,A,78.33015
-4220160702,A,68.09415
-4220160694,A,79.85925
-2133929500,A,78.58245
-903170194,A,80.55015
-903170172,A,69.6849
-903170168,A,72.966
-903170152,A,75.98775
-903170140,A,78.0135
-897170406,B,80.2437
4199773454,A,73.0263
4199773466,A,71.29815
4201773390,A,75.2973
4201773434,A,71.343
4201773438,A,69.9066
4201773444,A,74.4414
4203773450,B,81.3153
4203773636,B,78.0141
4203773652,A,79.06485
4203773680,B,81.04815
-4230160408,A,79.8045
-4220160702,B,84.64815
-4216160640,A,78.65925
-4210160444,B,81.4941
-4141512120,A,78.4977
-4111512062,A,76.88835
-4111512058,A,76.6485
-4111512050,A,79.4853
-2133929492,A,78.50115
-903170172,B,82.75185
-903170160,A,76.61475
-903170156,A,80.20785
-903170148,A,77.5974
-903170144,A,78.3189
-903170140,B,81.90435
-903170132,A,76.81305
-897170374,B,84.3513
319446616,A,149.46675
321446850,A,148.0254
665222808,A,147.5775
4199773466,B,84.6372
4199773636,A,77.16615
4199773668,B,82.8237
4199773692,A,79.15485
4201773406,A,76.46445
4201773430,B,80.31345
4201773444,B,85.90215
4213773664,A,79.18275
4213773710,A,80.2428
4213773718,A,80.65905
-4230160424,B,75.97095
-4230160408,B,83.0358
-903170202,B,82.5801
-903170176,B,80.6286
665222800,A,148.4601
665222804,A,153.69495
675222832,A,152.50275
4203773652,B,79.9785
-4230160428,A,75.34995
-4216160640,B,81.0711
-4141512120,B,73.27635
-4141512104,B,78.8967
-4111512058,B,81.19215
-2135929472,A,77.1156
-2135929452,A,79.38405
-2135929440,A,73.88445
-2135929432,A,77.40675
-2135929424,A,72.7296
-2133929492,B,80.89845
-903170156,B,84.30255
665222812,A,152.12115
675222836,A,156.47775
4199773636,B,82.80465
4199773640,B,78.8424
4199773684,A,76.3008
4201773440,B,80.4498
4211773456,A,72.49155
4211773670,A,78.5892
4213773668,A,79.20765
4213773698,A,79.4268
4213773710,B,79.5681
4213773714,A,75.2805
4213773722,A,80.1816
4213773730,B,81.5106
4213773734,A,85.83975
4213773738,A,81.23025
4213773746,A,74.23665
-4220160646,A,76.0956
-2135929468,A,74.92005
-2135929464,B,82.5075
-2135929448,B,87.30135
-2129929504,A,72.59925
-903170136,B,83.79975
665222796,A,153.81675
4199773446,B,89.40495
4199773644,B,86.90985
4201773386,B,88.52175
4209773410,A,74.9751
4209773434,A,73.63515
4211773444,A,76.689
4211773678,B,83.4441
4213773698,B,75.6669
4213773706,B,85.52775
4213773714,B,76.47015
4213773726,B,85.22895
4213773734,B,77.8581
-4111512046,B,84.4365
-3784722864,A,75.7092
-2135929432,B,83.61255
-2135929428,B,77.97375
-2129929706,B,80.031
-2129929504,B,81.63585
319446612,A,149.53875
3844719152,A,74.1186
4199773632,B,86.10045
4201773382,B,90.38175
4209773418,A,72.65025
4211773448,A,72.31545
4211773464,A,74.37465
4211773476,A,72.0993
4211773694,A,72.0033
-3784722754,B,82.69755
-2129929698,A,72.6846
-903170160,B,80.28585
-903170132,B,77.1237
4209773414,B,75.42495
4209773422,B,78.8181
4209773426,B,77.81535
4209773430,B,70.6911
4209773456,B,75.70455
4209773460,B,75.4239
4211773472,B,72.12105
4211773476,B,72.41775
4211773480,B,73.94085
4211773500,B,80.24115
4211773666,B,75.2127
-4222160590,B,72.45435
-2129929722,B,70.425
319446628,A,158.1276
4207773470,A,78.31905
4207773656,A,74.30625
4207773668,A,74.82855
4207773688,A,70.55895
4209773402,B,71.3148
4209773406,B,73.42725
-3784722766,A,66.1359
-2131929478,A,74.5983
319446648,A,155.37075
321446870,A,150.92355
4207773660,A,77.49675
4207773688,B,72.3054
4221773640,A,77.71905
-3784722774,A,68.8947
-4141512072,A,70.3578
-4139512004,A,69.5982
-4139511842,A,69.7959
-3784722770,A,69.8193
-3784722762,A,69.09915
-2699400364,A,68.90235
4219773694,A,70.8924
-4220160646,B,73.74045
-4141512096,A,74.30415
-4141512092,B,76.8204
-4139512004,B,75.3372
-4139511866,A,72.10635
-4139511854,A,71.9658
-4139511850,A,70.1346
-4139511842,B,70.6215
-4139511826,A,66.46995
-2701400552,B,71.81595
-2699400364,B,75.6822
-2131929482,A,71.1417
-2131929448,A,70.9506
-2129929714,A,70.611
4207773458,A,70.0971
4221773730,B,75.6324
4221773754,B,74.8368
-3784722774,B,76.60005
-2565249998,A,74.24535
4219773440,A,70.70115
4219773452,A,72.07995
4221773746,B,72.2598
-4141512096,B,76.24665
-4139512020,B,73.5135
-4139511854,B,74.034
-4139511850,B,73.5351
-4139511834,B,72.4614
-4139511830,B,74.913
-4139511826,B,77.088
-2565249990,A,66.61725
4219773448,A,70.0122
4219773682,B,74.4918
4221773702,A,70.62
4221773722,A,70.76895
-2699400356,B,76.6998
-2565250046,B,70.1796
-2565250002,B,72.56745
-2131929464,A,71.7369
-2131929452,B,80.4066
4217773684,A,71.42775
4217773688,A,71.73585
4219773444,A,70.62765
4219773492,A,70.1799
4219773496,A,70.06545
-4027511786,A,69.8376
-4027511568,A,71.5143
-2131929468,B,71.2935
-2131929416,A,73.7868
675222840,A,150.52635
4217773676,B,69.11955
4219773448,B,72.98565
4219773488,B,79.87845
4219773492,B,67.9578
4219773500,B,71.85495
-4027511790,A,70.7547
-4027511782,A,66.6846
-4027511564,A,67.17675
-3784722786,A,69.01545
-2565250042,B,68.8815
-2565249994,B,71.7765
-2565249986,B,72.36045
-2141929700,A,69.78255
4217773706,B,67.5171
-4027511790,B,67.27005
-4027511786,B,65.5995
-4027511782,B,67.593
-4027511568,B,69.9153
4215773674,B,64.34325
4217773742,B,63.0513
4217773754,B,62.9937
-4027511564,B,67.7826
-1183530596,A,147.31785
-1183530624,A,145.548
-1183530608,A,151.70085
-1183530604,A,148.833
-1183530580,A,143.94315
-4027511560,B,70.7853
-2141929486,A,70.0587
-1183530592,A,148.788
-1183530588,A,148.3368
-1183530584,A,150.78345
2707293030,A,72.54285
2707293042,A,68.2245
2707293050,A,69.43485
2707293076,A,70.3011
-1193530880,A,152.3616
4217773702,B,60.9621
-2141929716,B,61.07565
-2131929428,B,62.51955
3844719354,B,59.8005
2707293054,B,67.09305
-4025511554,A,65.05305
-4025511548,A,69.52515
-2143929760,A,67.4037
-2143929740,A,66.82695
-2143929718,A,62.0946
-2143929710,A,62.32305
-2141929518,A,63.01935
-2141929514,A,62.6505
-2141929506,A,63.6441
-4027511762,A,61.78755
-2143929718,B,65.418
-2141929522,B,62.2413
-2141929510,B,64.54035
-4027511750,B,62.11335
-4025511552,B,57.1299
-4025511536,B,57.73245
-4027511556,A,66.99705
-2143929768,A,65.1417
-1193530852,A,153.5973
-1193530674,A,149.74545
-1193530654,A,150.48345
-1193530650,A,150.56655
-1193530646,A,150.9651
-1193530642,A,149.961
-1193530634,A,147.0042
-1193530630,A,150.02415
-2143929764,B,65.5896
-1193530626,A,150.68295
4215773456,B,63.59325
4229773652,A,69.4599
-4025511496,A,65.40075
-2137929686,A,68.4723
-2137929682,A,73.75395
325446704,A,150.9264
4215773500,B,77.68605
4229773652,B,81.44055
-4023511798,A,69.38895
-4023511746,A,68.589
-4023511592,A,72.44115
325446696,A,145.82835
325446708,A,148.70145
4229773746,A,71.10945
-4023511798,B,65.6472
-4023511604,B,67.70235
-2137929706,B,76.2096
325446716,A,146.60235
325446870,A,149.9733
4229773718,A,64.4532
-4023511746,B,64.8564
-4023511592,B,64.75125
-1193530682,A,154.33335
4229773632,B,67.31955
4229773730,B,64.6767
4229773746,B,65.9526
325446866,A,151.1547
325446910,A,151.06125
4229773758,B,66.56505
325446850,A,153.28695
325446890,A,148.5657
325446902,A,149.25915
4229773698,A,63.73965
4229773722,A,63.04335
323446592,A,146.9262
323446596,A,147.8013
323446600,A,150.0252
323446604,A,145.2105
325446862,A,152.5515
3846719084,A,57.144
3846719092,A,54.585
3846719100,A,54.06135
4227773484,A,62.03595
4227773500,A,63.2613
323446608,A,148.91535
323446612,A,148.91565
323446620,A,152.268
323446628,A,151.3083
323446644,A,147.64155
323446690,A,151.01055
325446858,A,149.5515
345446880,A,148.6416
345446884,A,150.40245
3846719080,B,64.8096
4225773644,A,62.46615
4227773488,B,68.92695
4227773492,A,62.007
4227773658,B,71.55435
4227773662,B,67.14225
4229773722,B,66.38145
-4220160650,A,65.65575
-2137929694,A,63.66765
323446616,A,147.3105
323446636,A,147.07185
4227773500,B,70.40355
-2139929710,A,67.059
4225773652,A,65.07885
4225773702,A,63.5136
4225773730,A,66.88155
4225773738,A,66.4386
4225773746,A,62.87865
4225773750,A,64.6068
4227773654,B,62.80455
-2137929690,B,61.46865
345446666,A,148.9194
-2139929788,A,67.07565
-2139929772,A,68.1027
-2139929752,B,81.31035
-2139929748,B,77.6979
-2139929744,A,69.3282
-2139929736,B,78.23085
323446702,A,151.6815
343446890,A,152.52525
343446894,A,151.54785
343446912,A,156.06375
343446920,A,151.01475
343446924,A,155.97645
343446928,A,151.70385
343446932,A,153.2667
343446936,A,151.902
343446948,A,155.30595
345446694,A,155.0574
345446710,A,156.747
4225773750,B,71.2104
4229773726,B,76.78335
-4023511802,A,61.9821
-4023511794,A,68.91195
-2149929672,A,67.55865
343446940,A,147.16635
343446944,A,149.45925
2114498118,A,70.82595
4225773698,B,67.39995
4225773702,B,72.3765
-4021511602,A,61.01325
-2149929534,A,62.46855
-2139929764,B,68.93775
343446956,A,152.23575
4173773330,A,60.0345
4223773444,A,61.0134
4223773480,A,56.7708
4223773484,A,57.8457
4223773638,B,68.1342
-4023511802,B,64.1037
343446916,A,152.2017
345446690,A,149.15655
349446674,A,152.16435
349446678,A,155.9079
349446682,A,152.28525
349446686,A,152.1492
2104497922,B,61.94955
4173773318,A,65.8134
4173773326,A,62.03835
4223773448,A,65.7687
4223773476,A,62.0319
-4021511614,B,63.3792
-4021511500,B,59.4282
349446658,A,153.5061
4173773362,A,62.04705
4173773370,A,63.789
4173773544,B,62.0994
4173773564,B,58.26615
4223773476,B,58.96995
4223773488,B,57.6486
4223773496,B,64.7199
4225773710,B,61.9851
-2151929736,B,60.4107
-2151929732,B,57.3687
-2039929274,B,57.86805
4173773326,B,57.7392
4173773334,B,65.76105
-4021511536,B,66.4755
-4021511496,B,65.007
-4019511806,A,67.1346
-4019511794,A,68.82615
-4019511770,A,68.5083
-4017511504,A,68.45955
349446896,A,151.1517
349446900,A,149.21775
4171773542,B,64.90125
4171773558,A,68.0601
4171773580,A,66.54375
4171773584,A,67.1799
4171773608,A,65.56575
4171773612,A,65.3619
4171773620,A,69.88815
-4019511774,A,73.5558
-4017511586,B,72.0225
-4017511492,B,73.24545
1471738964,A,64.04925
1471738972,A,65.13795
4167773542,A,68.59785
4167773568,A,71.0202
4167773580,A,75.1977
4167773604,A,70.92195
4169773318,A,68.2689
4169773334,A,73.509
4169773374,B,79.26135
4171773550,B,70.01865
4181773358,A,64.8966
4181773512,A,68.56845
-4019511766,B,74.9574
-4019511758,B,73.41675
-2039929212,A,72.7194
-1716100432,A,71.0547
1471738972,B,84.86895
4169773544,B,76.1109
4169773564,B,78.2172
4171773568,B,80.36835
4171773572,B,73.97565
4171773576,B,76.53525
4171773592,B,82.99275
4171773604,B,79.38495
4179773518,A,71.46465
4179773596,A,69.2805
4181773366,A,71.4918
-4021511544,B,81.4473
-4019511774,B,73.9884
-4019511616,B,72.30285
-2039929184,B,80.3745
1471739014,B,82.54545
4167773572,A,69.77145
4169773314,B,81.36645
4177773330,A,74.7381
4177773560,A,70.9191
4179773608,A,77.0127
4181773354,B,73.1538
-2149929514,B,78.57975
-1716100432,B,77.9922
4167773596,B,78.1854
4169773338,B,75.7992
4169773358,B,78.2316
4177773362,A,73.1898
4179773596,B,78.91125
4179773628,B,75.7299
4181773318,A,75.95715
4181773366,B,78.95955
4175773600,A,68.61255
4177773350,A,72.86265
4177773374,A,71.27145
4179773506,A,71.11035
4179773604,A,71.16225
4179773608,B,83.64375
-2033929414,A,69.3573
-1714100520,A,70.3704
343446960,A,146.58195
349446666,A,152.18235
349446670,A,153.87015
4171773596,A,72.35115
4175773538,A,72.07185
4175773554,A,74.8848
4175773558,A,71.943
4175773568,A,70.3083
4175773572,A,72.42495
4175773624,A,70.8984
4177773362,B,78.5286
4177773370,B,79.22415
4177773556,B,79.8621
4179773600,B,80.89155
4179773616,B,80.2518
-1714100520,B,78.3654
349446662,A,148.91175
349446690,A,152.679
349446706,A,149.4033
349446710,A,154.54215
665222750,A,151.3224
665222766,A,148.81395
1836206946,A,149.50665
1836206950,A,152.6787
1836206954,A,151.97205
1836206958,A,152.8923
1836206966,A,151.2015
1836206976,A,150.5826
1836206980,A,148.36215
1836206984,A,148.29135
1836207000,A,149.43195
1836207020,A,151.81005
4177773322,B,80.8818
4177773374,B,78.2958
4179773506,B,78.04575
4189773480,A,71.9487
-2033929438,B,73.20885
-2033929418,B,84.2412
-2033929414,B,74.8554
-1716100476,B,81.30195
-1714100536,B,82.1631
-1714100524,B,82.3443
665222754,A,152.0331
665222758,A,150.43815
1836206992,A,154.47525
1836207008,A,150.9006
1836207016,A,151.22625
1836207028,A,153.4002
1838206742,A,154.2624
1838206746,A,150.97425
1838206952,A,153.7527
1838206972,A,154.02675
4169773540,B,85.2246
4171773596,B,79.80435
4175773554,B,79.41285
4175773558,B,70.3251
4175773568,B,74.3157
4175773584,B,76.24185
4175773588,B,81.83835
4175773624,B,68.7492
4175773628,B,79.4604
4179773604,B,76.95825
4189773378,B,81.73245
4189773476,B,84.0453
4189773480,B,83.4648
-1714100694,A,82.302
-1714100690,A,85.1211
-1714100686,A,81.37515
1836207012,A,152.67555
1838206734,A,154.1079
1838206750,A,153.3063
1838206770,A,148.4748
1838206960,A,150.10665
4175773562,A,73.01565
4177773326,A,75.00615
4187773530,A,72.9171
4189773390,A,81.92955
4189773398,A,76.59255
4189773402,A,73.3311
4189773472,B,84.4305
4223773452,A,78.75585
1832206946,A,152.6364
1838206722,A,152.4384
1838206730,A,152.3268
1838206762,A,151.8822
1838206782,A,152.253
4187773526,A,78.20955
4189773394,B,82.4331
4189773406,B,85.1316
4189773414,A,78.1875
4189773418,B,86.6982
4189773434,B,84.9375
4223773452,B,85.16235
-1714100682,A,73.40895
1832206970,A,155.2191
-1714100702,B,77.20935
-1714100682,B,78.89835
1832206976,A,154.3071
1832206980,A,151.6458
1832206988,A,150.55905
1832207000,A,153.06645
1838206726,A,155.8884
4179773576,A,74.7579
4187773534,A,75.3621
4189773414,B,85.93425
1832206992,A,154.54875
1832206996,A,150.87285
1832207012,A,150.5952
1832207016,A,152.60445
1834206956,A,148.6347
4179773576,B,82.1292
4179773580,A,77.8926
4187773534,B,83.37885
-2033929470,A,69.57765
-2033929450,A,73.62825
-2033929430,A,71.89785
-2033929434,A,69.1461
1477739240,A,70.29945
2919013980,A,71.643
2921014246,A,69.43905
2921014258,A,69.64515
2921014270,A,69.9084
1832207020,A,150.9171
1834206730,A,4202.11245
1834206734,A,155.0055
1834206944,A,4182.41655
1834206948,A,150.51855
1834206952,A,152.8344
1834206972,A,4129.494
2915014054,A,77.50935
-1720100542,B,81.06
1475739234,A,77.03835
1475739242,A,75.5517
1475739250,A,73.81275
1477739026,B,83.6733
1477739054,A,77.2362
1477739062,A,79.0431
2911013960,A,74.9115
2917014230,A,73.83915
2917014250,A,72.1308
2917014266,A,74.664
2917014270,A,75.6558
-1720100534,B,86.83545
-1714100726,B,85.57245
1475739238,A,77.08095
1475739242,B,87.56835
1475739292,A,70.49925
1477739010,B,83.4507
1477739054,B,87.9891
1477739240,B,88.53165
2911013972,A,74.4585
2911013992,A,73.4631
1475739246,B,96.5514
1475739292,B,91.79565
1479739258,A,81.24135
1481739014,A,78.3813
2911013964,B,91.7526
2911013972,B,95.1084
2911013976,A,78.51765
2911013980,A,82.21785
2911014050,B,91.6953
2913014234,A,83.15835
2917014064,B,87.1053
2917014230,B,87.27075
2917014250,B,88.10025
2917014262,B,85.4862
2917014270,B,90.76995
2939014292,A,86.77335
2939014300,A,83.10525
2941014078,A,86.8872
1475739276,A,82.2507
1481739022,A,82.61265
1481739038,A,81.036
2707293108,A,83.36445
2709292842,A,81.7785
2709292850,A,84.72675
2709292854,A,84.9639
2709292858,A,83.75475
2709292862,A,77.8455
2913014250,B,87.5745
-2045929446,A,78.26415
1475739280,B,80.9979
1475739288,B,83.71605
3015014268,A,80.2101
3015014294,A,77.3751
3015014302,A,84.67995
3021014286,A,77.74695
3021014306,A,78.28005
3021014318,A,78.74865
-2045929442,B,89.28975
1475739284,B,91.42335
1475739308,B,83.07855
1481739062,B,84.54945
2709292850,B,89.59815
2913014238,B,92.02575
2939014266,B,86.59425
2939014292,B,86.31195
2939014300,B,84.82605
2941014050,B,87.0621
3021014274,A,81.99375
3021014322,B,85.82955
3021014496,B,87.26715
3021014500,B,87.69855
3021014508,A,74.98635
-2045929236,B,95.66055
2707293112,B,88.3725
2709292810,B,89.1222
2709292838,B,85.69455
2709292846,B,88.00155
3021014286,B,80.4021
3021014290,B,89.037
3021014298,B,88.94625
3021014306,B,87.4209
3015014208,A,79.43145
3015014244,B,85.10355
3015014256,B,80.18385
3017014498,A,77.03775
3017014514,A,81.68865
3021014278,B,86.9703
3021014314,B,80.29665
3021014508,B,84.01875
-3287299576,B,78.7572
3015014228,B,73.1484
3015014248,A,76.38435
3015014252,A,70.7031
3017014288,A,73.58325
3017014292,A,71.37885
3017014300,A,72.08715
3021014274,B,83.87505
3021014294,B,72.50955
3011014228,A,72.31815
3011014278,A,74.01555
3013014296,A,72.84075
3013014506,A,71.3712
3015014208,B,73.40715
3017014276,A,70.98945
3017014288,B,74.44095
3017014470,A,73.54815
3017014506,A,76.0044
3017014522,A,73.52445
3009014470,A,74.62365
3009014494,A,81.48765
3011014208,B,83.7336
3011014212,B,79.6245
3011014264,B,81.99945
3013014292,A,75.9663
3013014490,A,76.84515
3011014220,B,81.7974
3011014268,B,83.0055
3013014486,B,85.67175
3017014470,B,85.0212
3017014490,B,86.1207
3017014494,B,85.0308
3017014510,B,80.6004
2663292688,A,79.65045
3035014490,A,73.4565
3037014488,A,75.69735
-4043511796,A,75.37605
3031014466,A,70.8684
3035014494,B,80.9778
3037014334,A,76.05255
3037014480,A,73.93245
-4045511820,B,83.29515
-4043511808,A,69.92775
-1720100480,B,87.10995
-1720100468,B,81.8391
2663292688,B,86.42175
2663292922,B,90.2769
3017014296,A,73.64985
3031014536,A,72.3561
3031014568,A,69.67035
3031014580,A,70.31985
3031014584,A,72.4371
3035014482,B,84.8715
3037014488,B,85.9797
-4045511868,B,84.015
-4045511848,B,85.5699
-4045511836,B,82.2303
-4045511832,B,86.3877
-4045511828,A,76.0023
-4045511824,B,83.6727
-4045511816,B,84.15975
-4045511812,A,80.33985
-4043511796,B,86.1816
-4043511570,A,74.95455
2663292696,B,85.6881
2663292700,B,86.7111
3027014528,A,75.1116
3029014472,A,73.57155
3031014528,A,73.87755
3031014540,A,76.19625
3031014568,B,86.2803
3031014576,B,86.8221
3031014588,B,83.95515
3033014286,A,81.69075
3033014306,A,72.11775
3033014314,A,74.9001
3033014326,A,72.4143
3033014334,B,85.78935
3033014464,A,78.20475
3035014478,B,87.43395
3035014548,B,84.91215
3037014298,A,77.26725
3037014322,B,82.59735
3037014334,B,91.99545
3037014464,B,86.41125
3037014480,B,83.46315
-4043511808,B,87.4689
3023014526,A,81.31365
3023014548,A,78.94215
3027014544,A,74.9385
3029014274,A,76.27245
3029014464,A,77.2944
3029014468,A,81.1284
3029014472,B,87.44205
3031014466,B,88.93695
3031014528,B,87.1047
3033014306,B,89.23815
3033014326,B,86.95065
1834206766,A,151.82085
1844206918,A,154.55625
1844207024,A,152.8851
2663292680,A,75.97005
2663292720,A,72.1563
2663292724,A,76.23855
2665292916,A,74.394
3023014514,A,74.2611
3023014518,A,74.5659
3023014536,A,77.7906
3023014548,B,79.3944
3023014552,A,76.35735
3025014278,A,80.508
3025014294,A,76.7817
3025014302,A,79.6812
3027014502,A,78.12255
3027014522,A,77.53845
3027014528,B,87.0783
3027014536,B,95.3712
3027014556,B,86.9031
3027014564,A,73.24965
3027014588,A,81.2301
3029014330,A,75.0054
3029014476,A,77.17725
3033014286,B,85.33245
3033014318,B,90.4701
3033014330,B,89.7015
3037014302,B,87.9141
1834206722,A,148.01925
1834206738,A,151.5783
1834206742,A,153.7164
1834206750,A,150.0105
1834206754,A,148.04655
1844206922,A,151.0689
1844206926,A,153.6759
1844206942,A,149.75625
3023014506,A,83.7282
3023014514,B,87.00465
3023014518,B,87.87435
3025014282,A,82.8951
3025014286,A,81.1032
3027014552,B,91.45425
3027014580,B,86.92755
3027014584,B,86.3625
3029014282,B,90.99915
3029014286,B,90.53775
3029014464,B,87.32445
3029014476,B,92.5014
3031014564,B,92.82675
3033014282,B,86.8794
1834206758,A,147.62355
2663292728,A,64.7448
3023014544,B,76.45845
1834206746,A,161.06895
1844206984,A,149.64345
1844207004,A,150.29145
1844207008,A,149.6013
1844207012,A,147.56805
1844207016,A,147.64815
1844207020,A,147.64665
1846206912,A,149.97495
1846206924,A,149.92395
1846206928,A,149.8503
2663292680,B,80.5098
3025014282,B,77.8269
-4037511832,A,74.61195
-1718100544,A,77.9391
-1718100536,A,80.21895
2663292684,B,88.96125
2663292728,B,94.31475
2665292900,A,75.5895
2665292924,A,78.2805
2987014184,A,74.1681
-4037511872,B,95.58105
-4037511816,A,78.9513
-4037511812,A,79.17435
1844206988,A,147.05535
1846206762,A,146.96835
1846206920,A,145.7394
2110498180,A,76.7823
2987014192,A,83.5218
-4037511828,A,78.7752
-1718100544,B,99.8547
1840206962,A,151.4508
1846206726,A,150.5889
1846206738,A,155.45445
1846206754,A,149.76435
1846206766,A,148.85355
1846206774,A,154.09125
1846206778,A,152.08515
1846206782,A,149.47245
2989014348,A,82.89615
-4035511780,B,94.0935
-4035511562,B,93.2031
1846206722,A,152.5488
1846206758,A,151.95285
2665292900,B,90.4239
2665292924,B,91.0362
2983014200,A,82.2705
2985014402,A,83.6112
-4037511840,B,80.08005
-4037511836,B,89.1726
-4035511792,B,81.5361
-1718100702,B,82.80285
1840206974,A,152.6226
1840206980,A,149.89725
1840206984,A,147.4839
1840207000,A,150.2247
1840207008,A,150.95805
1840207028,A,149.54595
1840207036,A,149.9037
1842206742,A,150.06585
1842206948,A,150.80445
1842206972,A,150.414
2665292920,B,81.0303
2665292950,B,82.1724
2987014196,B,91.3065
1840206966,A,154.16415
1842206746,A,153.1476
1842206968,A,150.91545
1846206730,A,150.9303
2665292934,B,79.85055
2665292946,B,91.1082
2983014176,B,80.3274
2985014372,B,81.46425
2985014384,A,78.8223
2985014392,A,80.17725
2989014438,B,85.3947
2989014450,B,81.57225
2989014454,B,78.0339
2979014144,A,76.92135
2979014180,A,73.6695
2983014200,B,86.75685
2985014462,A,74.43165
-4033511582,A,73.61025
-2567249756,A,77.10945
-2567249752,A,77.34615
1840206992,A,155.3631
2979014148,A,78.30795
2979014152,A,80.80005
2979014164,A,77.2539
2979014168,A,74.913
2979014184,A,76.9923
2981014388,A,80.0391
2981014396,A,76.97835
2981014410,A,77.6814
2981014426,A,77.37015
2985014426,A,75.71655
2985014454,A,75.75135
-4035511582,B,89.8167
-4035511574,B,88.03935
-2567249850,B,84.954
2975014152,A,78.71865
2985014396,B,88.0542
-4035511598,B,86.3664
-4035511578,B,84.5577
-4033511540,B,87.6768
-2567249752,B,89.514
-2567249732,B,85.7958
2975014168,A,77.2398
2975014172,A,76.0518
2975014188,A,74.40255
2975014374,A,74.92335
2977014368,A,76.713
2977014380,A,76.5222
2977014410,A,76.1562
2981014384,A,76.3284
-4035511570,B,75.89895
-4033511570,B,74.3028
-2567249846,B,76.0545
-2567249826,B,75.96225
-2567249760,B,76.377
1842206722,A,162.56205
1842206734,A,160.2288
1842206774,A,159.44025
1852206942,A,162.6417
1852207012,A,160.9824
2975014184,A,74.54235
2979014148,B,69.9189
2979014168,B,78.07065
2979014172,B,73.06665
2979014378,B,71.3613
2979014382,B,79.93305
2979014390,B,76.3365
2981014396,B,66.7824
2981014422,A,77.39625
2985014406,B,75.0927
2985014410,B,78.06525
2985014426,B,74.6724
2985014458,B,78.24915
1852206930,A,159.4644
1852206934,A,155.8158
1852206992,A,157.24065
1852206996,A,158.2758
1852207004,A,158.25015
1852207008,A,157.58925
1852207016,A,157.18455
1852207024,A,154.60515
1852207028,A,159.61155
1852207032,A,157.0176
1852207036,A,155.8752
2975014160,B,70.5336
2975014180,B,71.2785
2975014200,B,73.5189
2975014378,B,71.2356
2977014372,B,71.35335
2977014406,B,72.36585
2977014414,B,72.76575
2979014184,B,71.38245
2981014388,B,72.2454
2981014402,B,71.53665
2981014410,B,69.0447
2981014414,B,75.1314
2981014418,B,72.79215
2981014442,B,74.5371
-4033511552,B,80.2875
-4033511544,B,80.7708
2110498228,A,74.7474
2975014144,A,69.90225
2975014148,A,71.10975
2975014168,B,68.7249
2979014196,A,70.74945
2985014414,A,72.88755
2985014422,A,68.32365
2987014148,B,73.0602
-4033511548,B,79.97925
1478254324,A,76.30215
1842206770,A,160.2576
2999014314,A,76.5312
3005014324,A,80.96775
3005014526,A,77.394
-4033511524,A,76.53705
1480254074,A,77.23605
1480254108,A,70.0392
1478254296,A,75.67185
1478254316,A,76.2447
1480254034,A,79.51875
1480254038,A,77.0457
1480254062,A,74.87745
1480254066,A,78.8097
1480254096,A,76.46895
1484254312,A,76.5216
2975014374,B,73.8438
2977014410,B,72.64965
2977014418,B,68.89545
2999014220,B,67.5474
2999014310,B,63.5436
3003014256,B,68.0238
3005014324,B,69.22395
3005014494,B,70.82985
1478254102,B,81.033
1478254110,B,82.86495
1478254324,B,78.11865
1480254030,B,81.63615
1480254078,B,78.53475
1480254108,B,84.1434
1484254374,A,71.1087
1484254382,A,72.66585
1852206980,A,156.49545
1854206892,A,155.33235
2665292942,B,85.4217
2999014228,B,83.3613
-2569250038,A,69.4479
-2569250030,A,69.40155
-2569249800,A,74.44455
-2567249764,A,72.5646
-2567249744,A,74.18595
1478254288,B,79.82925
1478254292,B,83.49975
1478254304,A,73.40205
1478254328,A,71.9169
1480254042,B,85.00905
1480254062,B,78.44145
1482254086,A,72.1488
1484254316,A,71.103
1484254358,A,68.13345
1484254366,A,71.9667
1484254378,A,71.8929
1854206790,A,152.28885
1854206798,A,153.3726
1854206806,A,153.2358
1854206810,A,155.4033
1854206814,A,157.88175
1854206880,A,153.90015
1854206888,A,151.5282
-2569250042,B,88.16265
-2569250026,B,78.27915
-2569250022,B,83.93655
-2569250018,B,85.6875
-2569249820,A,74.15805
-2569249804,B,87.8685
-2567249792,A,69.47295
-2567249788,A,69.8877
-2567249764,B,84.1191
-2567249744,B,80.82315
-2567249740,B,79.13625
1478254304,B,76.8768
1478254328,B,79.82445
1478254332,B,83.9097
1480254054,B,77.12835
1480254058,A,79.34565
1480254092,B,78.3468
1482254086,B,76.30875
1482254098,B,85.7286
1482254276,A,79.2594
1482254296,A,78.7056
1482254300,A,81.03465
1482254332,B,92.90235
1484254328,A,65.76795
1484254338,A,74.98515
1484254342,A,67.69245
1484254346,A,66.14115
1484254350,B,80.43315
1484254366,B,76.20435
1484254374,B,84.6078
1484254382,B,77.1603
1484254394,B,80.6031
1488254304,A,72.35715
1488254308,A,73.5669
1488254338,A,79.3428
1488254346,A,79.4193
1488254358,A,83.57055
1488254382,A,79.956
-2567249792,B,85.66785
-2567249788,B,90.30495
1482254102,B,90.65595
1482254110,B,85.8552
1484254308,B,89.2896
1484254370,A,75.4077
1486254080,A,79.41885
1488254342,A,82.54125
1488254370,A,80.3514
1488254374,A,77.2413
1488254378,A,84.09855
1854206786,A,147.8568
1482254292,B,88.47255
1482254328,B,95.96235
1484254304,B,96.29445
1488254316,B,91.4808
1486254092,A,79.146
1486254096,A,80.16375
1486254310,B,90.67125
1486254314,A,77.86935
1486254318,A,81.0795
1488254308,B,85.3953
1488254324,B,90.43605
1488254342,B,83.50215
1488254362,B,92.0508
1488254370,B,89.9013
1488254378,B,83.69685
1854206818,A,155.68635
1854206822,A,152.95125
1854206830,A,150.9534
1486254084,B,91.92135
1486254092,B,93.5103
1486254314,B,94.0854
1486254318,B,94.03515
1852206918,A,159.7026
1854206842,A,153.5334
2062207580,A,152.8959
-4041511872,A,79.15335
-4041511860,A,86.16075
-4041511852,A,83.77365
2062207568,A,154.79505
2062207572,A,157.17945
2062207576,A,153.5691
2062207666,A,156.33555
2062207674,A,158.73885
-4039511800,A,84.1707
-4039511788,A,84.68055
-4039511784,A,83.1678
-4039511574,A,85.86135
-4039511566,A,82.98195
-4039511558,A,85.27395
-4039511554,A,88.70205
1464254022,A,79.8369
1486254306,B,95.6199
2062207642,A,155.7486
2062207658,A,160.8633
1486254120,B,94.85685
2062207646,A,159.84915
2062207654,A,157.90155
2062207662,A,155.96205
-4039511554,B,96.936
1462254280,A,84.4605
2062207560,A,155.5752
1318253608,A,84.3666
1462254288,A,81.9657
1462254300,A,75.52995
1464254026,A,77.3766
1464254062,B,89.004
1464254140,A,79.69305
1490254092,A,79.2051
1490254104,A,82.87065
1490254124,A,79.2699
1490254140,A,79.2996
1492254370,B,90.47505
1318253584,A,83.41635
1324253768,A,80.0772
1451738980,A,82.707
1462254272,A,81.3804
1462254316,A,79.01535
1464254038,B,85.81695
1464254058,B,85.03935
1464254078,B,82.425
1490254080,A,79.2927
1492254346,A,80.27985
2056207562,A,155.78985
2062207626,A,157.4319
2062207634,A,153.12735
1318253580,B,89.44185
1318253810,B,82.95795
1318253822,B,85.8987
1462254126,B,86.0289
1462254138,B,81.7002
1462254316,B,83.09295
1462254328,B,82.02915
1464254026,B,86.72175
1490254080,B,93.09795
1490254100,B,86.7084
1490254140,B,88.5099
2056207566,A,154.2108
2667292716,A,76.39095
1318253576,B,90.0669
1318253802,B,88.58115
1322253620,A,71.1882
1451738948,A,77.8254
1451738960,A,73.29225
1451738976,A,78.66705
1451738988,A,71.8506
1464254054,B,87.6009
2667292708,A,79.9104
2667292874,A,74.82855
1318253620,B,81.67665
1318253628,B,87.9402
1318253814,B,81.65685
1322253588,B,85.3224
1322253620,B,91.0695
1324253760,B,85.6653
1324253858,B,96.1875
1324253862,B,78.72615
1324253866,B,82.82955
1328253764,B,81.8019
1328253772,B,82.33515
1332253886,A,83.76855
2665292986,A,78.19155
2667292680,A,81.3213
2667292894,A,79.21215
1318253572,B,78.1785
1318253616,B,82.58805
1322253592,B,81.51435
1322253596,B,88.63005
1326253770,B,87.04485
1328253768,B,85.10175
1330253620,A,81.0465
1330253782,A,78.78465
1332253854,A,76.2177
1332253886,B,93.4476
1451738976,B,94.0245
1451738988,B,91.5012
1462254300,B,85.91745
2665292990,B,97.47975
2667292676,A,75.87015
2667292704,B,93.0291
2667292866,B,94.9788
2667292878,B,93.70605
1324253772,B,91.19205
1326253608,B,91.11525
1326253624,B,93.7632
1326253774,B,85.60095
1330253608,B,87.6795
1330253612,B,90.63855
1330253778,B,92.46015
1330253782,B,84.2172
1330253786,B,89.1201
1332253826,B,90.8298
1332253870,B,87.45645
2665292986,B,89.40465
2667292712,B,87.42225
2667292720,B,84.65415
2667292870,B,87.783
2667292894,B,89.53875
1332253850,B,93.6186
2667292676,B,96.3981
1302253578,A,88.0587
1302253764,A,82.6446
1304253534,A,79.31835
1304253554,A,84.1734
1304253562,A,81.01605
1304253572,A,78.22545
1306253590,A,79.4673
1308253576,A,82.22865
1330253600,A,80.1117
1302253772,B,88.90305
1302253792,A,79.0554
1304253506,B,99.87045
1304253550,B,91.2012
1304253554,B,101.4648
1304253558,B,91.3698
1304253562,B,96.76815
1304253568,B,91.12125
1304253572,B,96.01515
1306253578,A,77.6058
1306253764,A,73.66995
1306253800,A,73.90005
1306253804,A,75.2157
1308253522,A,81.32145
1308253526,A,74.93835
1308253546,A,73.7877
1308253550,A,81.63045
1308253554,A,74.68635
1308253584,A,77.01615
1308253592,A,79.19445
1308253596,A,72.84
2056207400,A,152.68305
1302253784,B,90.11925
1304253518,B,86.9931
1308253542,B,91.52745
1312253522,A,81.8646
1304253566,A,76.1466
1310253570,A,78.8031
1310253816,A,76.1949
1310253820,A,76.88055
1312253530,A,75.49515
1312253546,A,78.15405
1312253554,A,82.89015
1312253566,A,74.89275
2056207392,A,157.00575
2056207396,A,153.6072
2056207404,A,156.5634
2056207416,A,154.3845
2056207558,A,151.85055
1306253772,A,83.9604
1306253780,A,81.7716
1310253586,A,76.392
1312253596,A,81.4992
1314253798,A,77.07285
1316253826,A,75.4695
1316253838,A,78.31545
1316253850,A,77.22525
1322253616,A,78.7743
1288253474,A,76.13235
1288253482,A,75.2079
1306253582,A,74.0073
1316253792,A,71.7519
1316253804,A,70.40445
1316253846,A,78.46065
1316253858,A,69.8547
1316253870,A,80.00865
2056207420,A,149.19945
3627681150,A,71.36775
1286253654,A,70.1898
1288253454,A,69.69645
1288253458,A,74.07225
1288253462,A,69.71775
1288253470,A,71.63085
1288253478,A,76.9575
1288253490,A,69.8931
1288253494,A,66.22995
1288253502,A,71.34
1314253592,A,71.70675
1314253596,A,70.60155
1314253628,A,74.2179
1328253862,A,71.7375
1286253642,B,86.1993
1286253650,B,85.06125
1286253654,B,88.69005
1286253712,A,76.1487
1286253720,A,72.1785
1286253728,A,70.9719
1286253732,A,77.313
1286253736,B,86.13675
1286253744,B,77.5551
1288253458,B,85.31625
1288253490,B,80.5515
1288253494,B,81.3786
1292253608,A,74.37945
1292253612,A,76.0131
1314253576,A,78.6927
1314253588,B,88.74105
1314253592,B,92.80575
1314253604,A,72.93855
2056207360,A,158.7663
2056207372,A,154.31715
2056207384,A,153.28515
2058207552,A,153.57315
2058207564,A,152.9673
2058207580,A,4326.15405
2058207658,A,153.32505
1286253712,B,81.3783
1286253724,B,80.83995
1286253728,B,87.85875
1286253752,A,72.58965
1290253662,A,75.7974
1292253514,A,75.5943
1292253518,A,75.4989
1292253608,B,79.00635
1292253612,B,80.0799
1314253604,B,86.5368
1314253612,B,84.1677
2058207556,A,152.2884
1286253732,B,87.50175
1290253650,A,81.47955
1290253662,B,86.5365
1292253514,B,85.3674
1292253526,A,83.08275
1310253590,B,83.40015
2058207662,A,150.4917
2058207670,A,146.2707
1292253526,B,88.4625
1292253546,B,86.37765
2056207368,A,147.7914
2056207408,A,147.5847
2056207412,A,146.84295
2058207560,A,147.975
2058207622,A,147.2622
2058207630,A,150.79695
2058207666,A,147.70725
2058207678,A,148.0416
1290253744,A,78.55035
1296253608,A,81.66405
2058207646,A,147.56265
-4039511784,B,84.47055
-4039511574,B,85.1418
1288253648,A,75.90975
1290253654,A,79.8246
1290253716,A,75.14385
1294253602,A,75.89625
1296253538,A,81.09105
1296253550,A,77.87115
1296253558,A,77.34555
2058207618,A,142.38285
3625681202,A,71.34075
3627681094,B,83.2875
3627681146,B,80.24985
3627681150,B,84.8172
1290253654,B,82.5711
1290253724,B,84.19215
1290253728,A,75.29565
1290253732,A,73.5222
1290253756,A,79.75065
1292253506,B,85.10775
1292253510,B,78.38415
1292253518,B,79.16385
1292253530,B,80.78445
1292253534,A,77.997
1292253542,B,81.6159
1292253550,B,81.88305
1292253562,B,81.72885
1292253600,B,79.54995
1294253610,A,77.1717
1294253796,A,76.905
1296253506,A,75.6678
1296253518,A,79.37745
1296253546,B,82.73565
1296253604,B,76.1958
1300253620,A,73.72125
3623681188,A,67.6179
3625681202,B,88.3809
1290253748,B,80.59335
1294253606,B,77.9223
1294253614,B,82.7115
1296253522,B,86.8125
1296253530,B,80.27625
1296253534,B,81.7032
1296253538,B,81.31305
1296253550,B,81.4959
1296253558,B,84.9201
2068207530,A,144.85365
2068207550,A,144.41715
2667292672,B,90.6483
3623681188,B,86.2197
3625681344,A,74.68875
3625681348,A,68.4021
3625681392,A,72.6528
3625681396,B,74.0673
1294253800,B,91.1934
1310253788,B,85.35075
1314253822,A,80.0472
2070207528,A,151.17435
2070207682,A,149.4942
2070207686,A,155.46525
2070207690,A,149.62095
2070207698,A,152.4831
3623681090,A,73.2582
3623681122,A,68.32215
3623681184,A,70.4646
3625681348,B,91.728
3625681388,A,71.4438
3625681392,B,88.63455
3625681404,A,74.6391
1294253808,A,78.34545
1296253510,A,77.59695
1314253568,A,71.32785
2068207526,A,153.5343
2070207532,A,153.8523
2070207694,A,153.3288
2070207702,A,157.05285
2070207706,A,154.14795
2070207714,A,154.76025
2070207726,A,155.68185
3623681094,B,75.6351
3623681102,A,70.9332
3623681106,A,67.6572
3623681110,A,66.10965
3623681118,A,61.98
3623681122,B,77.82405
3623681126,A,60.5481
3623681134,A,65.3415
3623681184,B,95.3367
3623681204,A,66.20385
3625681356,A,67.2228
3625681388,B,82.5168
1300253518,A,73.0692
1300253526,A,76.26435
1300253600,A,73.5165
1314253794,A,72.7047
2064207574,A,152.20185
2070207718,A,154.9548
3623681098,B,75.3861
3623681110,B,77.8443
3623681134,B,79.54875
3623681192,B,74.91045
3623681204,B,73.97295
3625681356,B,74.42295
-1690100610,A,74.38995
-1690100608,B,83.39745
1300253506,B,85.2402
1300253518,B,83.4975
1300253526,B,85.5468
1314253572,B,86.14785
1314253794,B,85.0494
3621681198,A,68.7366
3623681102,B,82.9389
3623681106,B,89.19915
3623681118,B,86.75505
3623681126,B,85.2495
1300253514,B,72.7095
1300253522,B,81.1914
2064207420,A,157.59375
2064207578,A,153.22305
2064207582,A,152.25345
3621681194,B,78.0558
3621681198,B,77.5875
3621681344,B,79.2369
2064207376,A,151.99035
2064207392,A,156.93165
2064207404,A,154.1364
2064207412,A,155.9178
1270253716,A,73.39185
1270253720,A,76.25595
2064207570,A,145.27995
2066207572,A,148.4688
2066207654,A,147.75465
2669292962,B,83.67975
3621681186,B,84.90285
3623681142,B,86.92215
1270253728,A,80.5053
1272253470,A,78.29085
1272253486,A,74.6979
2066207556,A,152.6031
2066207666,A,150.2016
2066207674,A,151.3467
2066207678,A,149.9028
2669292970,B,88.42305
3621681190,B,84.7362
3621681202,B,93.90945
1270253696,B,94.9866
1272253462,B,89.8257
1272253486,B,88.4877
1276253688,A,81.8163
2066207658,A,154.8909
1276253680,B,91.86555
1276253684,B,89.20785
2064207388,A,154.13565
2066207662,A,144.68265
2076207444,A,154.6014
2076207546,A,151.9125
2669292938,B,92.01885
3621681356,A,74.34285
1276253502,A,78.8184
2076207526,A,158.02485
-4039511578,B,85.39035
-3780722750,B,85.98645
-3780722726,B,87.85815
1270253678,B,87.74865
1270253752,B,86.8347
1276253466,B,88.69725
1276253498,A,78.42765
1276253672,B,86.3628
1276253692,B,83.82225
2066207638,A,152.1099
3621681360,B,79.9269
-3780722722,B,89.0343
37494386,A,75.91605
37494408,A,73.31025
37494428,A,76.7448
1276253442,B,88.15185
2076207436,A,153.14775
2669292930,B,87.5064
37494420,A,76.55505
37494432,A,73.3692
39494368,A,69.88185
39494376,A,73.35615
39494380,A,75.64485
39494388,A,71.3997
2076207424,A,155.06985
37494378,B,89.3127
37494386,B,87.5946
37494400,B,89.34975
37494428,B,87.23535
37494444,A,77.51025
39494162,A,80.87775
39494170,A,79.3761
2076207476,A,154.3755
2076207480,A,150.46965
2655292922,B,88.9599
41494394,A,77.26905
2076207484,A,148.9098
2078207496,A,151.5633
-1696100360,A,76.45965
37494370,B,86.4036
37494416,B,83.7024
37494420,B,87.52425
39494162,B,77.36895
39494376,B,83.3088
41494428,A,73.0863
2655292684,A,76.8294
37494444,B,81.41025
39494146,B,84.94215
39494170,B,85.68105
39494174,B,85.0875
39494182,B,86.2092
41494398,B,85.40175
41494452,A,74.2878
43494178,A,73.3785
2655292676,A,77.9922
2655292684,B,93.74595
-3780722694,A,80.22075
29494108,A,74.1564
41494386,B,91.94895
43494166,A,77.00475
43494170,A,77.0565
43494194,A,75.6015
29494096,A,74.44695
29494116,A,75.30645
29494136,A,75.8166
29494170,A,74.8374
43494150,B,91.42185
43494178,B,94.39935
43494206,A,74.8647
43494368,A,75.34065
43494392,B,91.93665
2655292676,B,95.60205
2655292708,B,95.51445
2655292716,B,89.90775
2657292942,A,76.1862
2657292950,A,73.98945
29494108,B,88.94865
29494116,B,85.6857
29494162,A,77.14635
41494456,B,88.36095
43494158,B,88.5447
43494170,B,88.18395
2655292700,B,86.5329
2655292712,B,97.2468
2657292900,A,80.43405
29494096,B,87.43395
29494128,B,87.93255
29494136,B,87.8307
29494140,B,91.3503
29494170,B,94.43955
41494444,B,89.39055
41494452,B,86.4978
43494198,B,91.86645
43494206,B,89.87895
29494154,A,75.9921
31494168,A,75.1479
31494172,B,81.77625
31494362,A,73.8966
31494370,A,74.36985
31494374,A,76.6848
31494378,A,73.24275
33494116,A,74.0394
31494354,A,72.08775
33494120,A,74.68125
29494154,B,86.64645
31494350,A,73.61865
33494136,A,72.76305
33494140,B,85.26705
33494166,A,73.33245
35494162,A,74.6139
35494392,A,74.4534
