MACHINE_ID,MACHINE_DATA,TIMESTAMP,WAFER_ID,STAGE,CHAMBER,USAGE_OF_BACKING_FILM,USAGE_OF_DRESSER,USAGE_OF_POLISHING_TABLE,USAGE_OF_DRESSER_TABLE,PRESSURIZED_CHAMBER_PRESSURE,MAIN_OUTER_AIR_BAG_PRESSURE,CENTER_AIR_BAG_PRESSURE,RETAINER_RING_PRESSURE,RIPPLE_AIR_BAG_PRESSURE,USAGE_OF_MEMBRANE,USAGE_OF_PRESSURIZED_SHEET,SLURRY_FLOW_LINE_A,SLURRY_FLOW_LINE_B,SLURRY_FLOW_LINE_C,WAFER_ROTATION,STAGE_ROTATION,HEAD_ROTATION,DRESSING_WATER_STATUS,EDGE_AIR_BAG_PRESSURE
2,1,484280004.667,1832206992,A,1.0,9193.33333333,173.333333333,201.481481481,3448.0,0.0,0.0,0.0,0.0,0.0,109.011857708,2758.0,0.0,0.0,0.0,0.0,0.0,160.0,0.0,0.0
2,1,484280005.0,1832206992,A,1.0,9193.33333333,173.333333333,201.481481481,3448.0,0.0,0.0,0.0,0.0,0.0,109.011857708,2758.0,0.0,0.0,0.0,0.0,0.0,160.0,0.0,0.0
2,1,484280006.0,1832206992,A,1.0,9193.33333333,173.333333333,201.481481481,3448.0,0.0,0.0,0.0,0.0,0.0,109.011857708,2758.0,0.0,0.0,0.0,0.0,0.0,160.0,0.0,0.0
2,1,484280007.0,1832206992,A,1.0,9193.33333333,173.333333333,201.481481481,3448.0,0.0,0.0,0.0,0.0,0.0,109.011857708,2758.0,0.0,0.0,0.0,0.0,0.0,160.0,0.0,0.0
2,1,484280008.0,1832206992,A,1.0,9193.33333333,173.333333333,201.481481481,3448.0,0.0,0.0,0.0,0.0,0.0,109.011857708,2758.0,0.0,0.0,0.0,0.0,0.0,160.0,0.0,0.0
2,1,484280009.0,1832206992,A,1.0,9193.33333333,173.333333333,201.481481481,3448.0,0.0,0.0,0.0,0.0,0.0,109.011857708,2758.0,0.0,0.0,0.0,0.0,0.0,160.0,0.0,0.0
2,1,484280010.0,1832206992,A,1.0,9193.33333333,173.333333333,201.481481481,3448.0,0.0,0.0,0.0,0.0,0.0,109.011857708,2758.0,0.0,0.0,0.0,0.0,0.0,160.0,0.0,0.0
2,1,484280011.333,1832206992,A,1.0,9193.33333333,173.333333333,201.481481481,3448.0,0.0,0.0,0.0,0.0,0.0,109.011857708,2758.0,0.0,0.0,0.0,0.0,0.0,160.0,0.0,0.0
2,1,484280012.0,1832206992,A,1.0,9193.33333333,173.333333333,201.481481481,3448.0,0.0,0.0,0.0,0.0,0.0,109.011857708,2758.0,0.0,0.0,0.0,0.0,0.0,160.0,0.0,0.0
2,1,484280013.333,1832206992,A,1.0,9193.33333333,173.333333333,201.481481481,3448.0,0.0,0.0,0.0,0.0,0.0,109.011857708,2758.0,0.0,0.0,0.0,0.0,0.0,160.0,0.0,0.0
2,1,484280014.0,1832206992,A,1.0,9193.33333333,173.333333333,201.481481481,3448.0,0.0,0.0,0.0,0.0,0.0,109.011857708,2758.0,0.0,0.0,0.0,0.0,0.0,160.0,0.0,0.0
2,1,484280015.0,1832206992,A,1.0,9193.33333333,173.333333333,201.481481481,3448.0,0.0,0.0,0.0,0.0,0.0,109.011857708,2758.0,0.0,0.0,0.0,0.0,0.0,156.8,0.0,0.0
2,1,484280016.0,1832206992,A,1.0,9193.33333333,173.333333333,201.481481481,3448.0,0.0,0.0,0.0,0.0,0.0,109.011857708,2758.0,0.0,0.0,0.0,0.0,0.0,156.8,0.0,0.0
2,1,484280017.0,1832206992,A,1.0,9193.33333333,173.333333333,201.481481481,3448.0,0.0,0.0,0.0,0.0,0.0,109.011857708,2758.0,0.0,0.0,0.0,0.0,0.0,156.8,1.0,0.0
2,1,484280018.0,1832206992,A,1.0,9193.33333333,173.333333333,201.481481481,3448.0,0.0,0.0,0.0,0.0,0.0,109.011857708,2758.0,0.0,0.0,0.0,0.0,0.0,156.8,1.0,0.0
2,1,484280019.0,1832206992,A,1.0,9193.33333333,173.333333333,201.481481481,3448.0,0.0,0.0,0.0,0.0,0.0,109.011857708,2758.0,0.0,0.0,0.0,0.0,0.0,156.8,1.0,0.0
2,1,484280020.0,1832206992,A,1.0,9193.33333333,173.333333333,201.481481481,3448.0,0.0,0.0,0.0,0.0,0.0,109.011857708,2758.0,0.0,0.0,0.0,0.0,0.0,160.0,1.0,0.0
2,1,484280021.0,1832206992,A,1.0,9193.33333333,173.333333333,201.481481481,3448.0,0.0,0.0,0.0,0.0,0.0,109.011857708,2758.0,0.0,0.0,0.0,0.0,0.0,160.0,1.0,0.0
2,1,484280022.0,1832206992,A,1.0,9193.33333333,173.333333333,201.481481481,3448.0,0.0,0.0,0.0,0.0,0.0,109.011857708,2758.0,0.0,0.0,0.0,0.0,0.0,160.0,1.0,0.0
2,1,484280023.0,1832206992,A,1.0,9193.33333333,173.333333333,201.481481481,3448.0,0.0,0.0,0.0,0.0,0.0,109.011857708,2758.0,0.0,0.0,0.0,0.0,0.0,160.0,1.0,0.0
2,1,484280024.0,1832206992,A,1.0,9193.33333333,173.333333333,201.481481481,3448.0,0.0,0.0,0.0,0.0,0.0,109.011857708,2758.0,0.0,0.0,0.0,0.0,0.0,156.8,1.0,0.0
2,1,484280025.0,1832206992,A,1.0,9193.33333333,173.333333333,201.481481481,3448.0,0.0,0.0,0.0,0.0,0.0,109.011857708,2758.0,0.0,0.0,0.0,0.0,0.0,156.8,1.0,0.0
2,1,484280026.333,1832206992,A,1.0,9193.33333333,173.333333333,201.481481481,3448.0,0.0,0.0,0.0,0.0,0.0,109.011857708,2758.0,0.0,0.0,0.0,0.0,0.0,156.8,1.0,0.0
2,1,484280027.0,1832206992,A,1.0,9193.33333333,173.333333333,201.481481481,3448.0,0.0,0.0,0.0,0.0,0.0,109.011857708,2758.0,0.0,0.0,0.0,0.0,0.0,156.8,1.0,0.0
2,1,484280028.0,1832206992,A,1.0,9193.33333333,173.333333333,201.481481481,3448.0,0.0,0.0,0.0,0.0,0.0,109.011857708,2758.0,0.0,0.0,0.0,0.0,0.0,156.8,1.0,0.0
2,1,484280029.0,1832206992,A,1.0,9193.33333333,173.333333333,201.481481481,3448.0,0.0,0.0,0.0,0.0,0.0,109.011857708,2758.0,0.0,0.0,0.0,0.0,0.0,156.8,1.0,0.0
2,1,484280030.0,1832206992,A,1.0,9193.33333333,173.333333333,201.481481481,3448.0,0.0,0.0,0.0,0.0,0.0,109.011857708,2758.0,0.0,0.0,0.0,0.0,0.0,156.8,1.0,0.0
2,1,484280031.0,1832206992,A,1.0,9193.33333333,173.333333333,201.481481481,3448.0,0.0,0.0,0.0,0.0,0.0,109.011857708,2758.0,0.0,0.0,0.0,0.0,0.0,156.8,1.0,0.0
2,1,484280032.0,1832206992,A,1.0,9193.33333333,173.333333333,201.481481481,3448.0,0.0,0.0,0.0,0.0,0.0,109.011857708,2758.0,0.0,0.0,0.0,0.0,0.0,156.8,1.0,0.0
2,1,484280033.0,1832206992,A,1.0,9193.33333333,173.333333333,201.481481481,3448.0,0.0,0.0,0.0,0.0,0.0,109.011857708,2758.0,0.0,0.0,0.0,0.0,0.0,160.0,1.0,0.0
2,1,484280034.0,1832206992,A,1.0,9193.33333333,173.333333333,201.481481481,3448.0,0.0,0.0,0.0,0.0,0.0,109.011857708,2758.0,0.0,0.0,0.0,0.0,0.0,160.0,1.0,0.0
2,1,484280035.0,1832206992,A,1.0,9193.33333333,173.333333333,201.481481481,3448.0,0.0,0.0,0.0,0.0,0.0,109.011857708,2758.0,0.0,0.0,0.0,0.0,0.0,156.8,1.0,0.0
2,1,484280036.333,1832206992,A,1.0,9193.33333333,173.333333333,201.481481481,3448.0,0.0,0.0,0.0,0.0,0.0,109.011857708,2758.0,0.0,0.0,0.0,0.0,0.0,156.8,1.0,0.0
2,1,484280037.0,1832206992,A,1.0,9193.33333333,173.333333333,201.481481481,3448.0,0.0,0.0,0.0,0.0,0.0,109.011857708,2758.0,0.0,0.0,0.0,0.0,0.0,156.8,1.0,0.0
2,1,484280038.0,1832206992,A,1.0,9193.33333333,173.333333333,201.481481481,3448.0,0.0,0.0,0.0,0.0,0.0,109.011857708,2758.0,0.0,0.0,0.0,0.0,0.0,156.8,1.0,0.0
2,1,484280039.0,1832206992,A,1.0,9193.33333333,173.333333333,201.481481481,3448.0,0.0,0.0,0.0,0.0,0.0,109.011857708,2758.0,0.0,0.0,0.0,0.0,0.0,160.0,1.0,0.0
2,1,484280040.0,1832206992,A,1.0,9193.33333333,173.333333333,201.481481481,3448.0,0.0,0.0,0.0,0.0,0.0,109.011857708,2758.0,0.0,0.0,0.0,0.0,0.0,160.0,1.0,0.0
2,1,484280041.0,1832206992,A,1.0,9193.33333333,173.333333333,201.481481481,3448.0,0.0,0.0,0.0,0.0,0.0,109.011857708,2758.0,0.0,0.0,0.0,0.0,0.0,160.0,1.0,0.0
2,1,484280042.0,1832206992,A,1.0,9193.33333333,173.333333333,201.481481481,3448.0,0.0,0.0,0.0,0.0,0.0,109.011857708,2758.0,0.0,0.0,0.0,0.0,0.0,160.0,1.0,0.0
2,1,484280043.0,1832206992,A,1.0,9193.33333333,173.333333333,201.481481481,3448.0,0.0,0.0,0.0,0.0,0.0,109.011857708,2758.0,0.0,0.0,0.0,0.0,0.0,156.8,1.0,0.0
2,1,484280045.0,1832206992,A,1.0,9193.33333333,173.333333333,201.481481481,3448.0,0.0,0.0,0.0,0.0,0.0,109.011857708,2758.0,0.0,0.0,0.0,0.0,0.0,156.8,1.0,0.0
2,1,484280045.667,1832206992,A,1.0,9193.33333333,173.333333333,201.481481481,3448.0,0.0,0.0,0.0,0.0,0.0,109.011857708,2758.0,0.0,0.0,0.0,0.0,0.0,156.8,1.0,0.0
2,1,484280046.0,1832206992,A,1.0,9193.33333333,173.333333333,201.481481481,3448.0,0.0,0.0,0.0,0.0,0.0,109.011857708,2758.0,0.0,0.0,0.0,0.0,0.0,156.8,1.0,0.0
2,1,484280047.0,1832206992,A,1.0,9193.33333333,173.333333333,201.481481481,3448.0,0.0,0.0,0.0,0.0,0.0,109.011857708,2758.0,0.0,0.0,0.0,0.0,0.0,160.0,1.0,0.0
2,1,484280048.0,1832206992,A,1.0,9193.33333333,173.333333333,201.481481481,3448.0,0.0,0.0,0.0,0.0,0.0,109.011857708,2758.0,0.0,0.0,0.0,0.0,0.0,160.0,1.0,0.0
2,1,484280049.0,1832206992,A,1.0,9193.33333333,173.333333333,201.481481481,3448.0,0.0,0.0,0.0,0.0,0.0,109.011857708,2758.0,0.0,0.0,0.0,0.0,0.0,156.8,1.0,0.0
2,1,484280050.0,1832206992,A,1.0,9193.33333333,173.333333333,201.481481481,3448.0,0.0,0.0,0.0,0.0,0.0,109.011857708,2758.0,0.0,0.0,0.0,0.0,0.0,160.0,1.0,0.0
2,1,484280051.0,1832206992,A,1.0,9193.33333333,173.333333333,201.481481481,3448.0,0.0,0.0,0.0,0.0,0.0,109.011857708,2758.0,0.0,0.0,0.0,0.0,0.0,160.0,1.0,0.0
2,1,484280052.0,1832206992,A,1.0,9193.33333333,173.333333333,201.481481481,3448.0,0.0,0.0,0.0,0.0,0.0,109.011857708,2758.0,0.0,0.0,0.0,0.0,0.0,160.0,1.0,0.0
2,1,484280053.0,1832206992,A,1.0,9193.33333333,173.333333333,201.481481481,3448.0,0.0,0.0,0.0,0.0,0.0,109.011857708,2758.0,0.0,0.0,0.0,0.0,0.0,160.0,1.0,0.0
2,1,484280054.0,1832206992,A,1.0,9193.33333333,173.333333333,201.481481481,3448.0,0.0,0.0,0.0,0.0,0.0,109.011857708,2758.0,0.0,0.0,0.0,0.0,0.0,160.0,1.0,0.0
2,1,484280055.0,1832206992,A,1.0,9193.33333333,173.333333333,201.481481481,3448.0,0.0,0.0,0.0,0.0,0.0,109.011857708,2758.0,0.0,0.0,0.0,0.0,0.0,160.0,1.0,0.0
2,1,484280056.0,1832206992,A,1.0,9193.33333333,173.333333333,201.481481481,3448.0,0.0,0.0,0.0,0.0,0.0,109.011857708,2758.0,0.0,0.0,0.0,0.0,0.0,160.0,1.0,0.0
2,1,484280057.0,1832206992,A,1.0,9193.33333333,173.333333333,201.481481481,3448.0,0.0,0.0,0.0,0.0,0.0,109.011857708,2758.0,0.0,0.0,0.0,0.0,0.0,160.0,1.0,0.0
2,1,484280058.0,1832206992,A,1.0,9193.33333333,173.333333333,201.481481481,3448.0,0.0,0.0,0.0,0.0,0.0,109.011857708,2758.0,0.0,0.0,0.0,0.0,0.0,160.0,1.0,0.0
2,1,484280059.333,1832206992,A,1.0,9193.33333333,173.333333333,201.481481481,3448.0,0.0,0.0,0.0,0.0,0.0,109.011857708,2758.0,0.0,0.0,0.0,0.0,0.0,156.8,1.0,0.0
2,1,484280060.0,1832206992,A,1.0,9193.33333333,173.333333333,201.481481481,3448.0,0.0,0.0,0.0,0.0,0.0,109.011857708,2758.0,0.0,0.0,0.0,0.0,0.0,156.8,1.0,0.0
2,1,484280061.0,1832206992,A,1.0,9193.33333333,173.333333333,201.481481481,3448.0,0.0,0.0,0.0,0.0,0.0,109.011857708,2758.0,0.0,0.0,0.0,0.0,0.0,156.8,1.0,0.0
2,1,484280062.0,1832206992,A,1.0,9193.33333333,173.333333333,201.481481481,3448.0,0.0,0.0,0.0,0.0,0.0,109.011857708,2758.0,0.0,0.0,0.0,0.0,0.0,156.8,1.0,0.0
2,1,484280063.0,1832206992,A,1.0,9193.33333333,173.333333333,201.481481481,3448.0,0.0,0.0,0.0,0.0,0.0,109.011857708,2758.0,0.0,0.0,0.0,0.0,0.0,156.8,1.0,0.0
2,1,484280064.0,1832206992,A,1.0,9193.33333333,173.333333333,201.481481481,3448.0,0.0,0.0,0.0,0.0,0.0,109.011857708,2758.0,0.0,0.0,0.0,0.0,0.0,156.8,1.0,0.0
2,1,484280065.0,1832206992,A,1.0,9193.33333333,173.333333333,201.481481481,3448.0,0.0,0.0,0.0,0.0,0.0,109.011857708,2758.0,0.0,0.0,0.0,0.0,0.0,156.8,1.0,0.0
2,1,484280066.0,1832206992,A,1.0,9193.33333333,173.333333333,201.481481481,3448.0,0.0,0.0,0.0,0.0,0.0,109.011857708,2758.0,0.0,0.0,0.0,0.0,0.0,156.8,1.0,0.0
2,1,484280067.0,1832206992,A,1.0,9193.33333333,173.333333333,201.481481481,3448.0,0.0,0.0,0.0,0.0,0.0,109.011857708,2758.0,0.0,0.0,0.0,0.0,0.0,156.8,1.0,0.0
2,1,484280068.0,1832206992,A,1.0,9193.33333333,173.333333333,201.481481481,3448.0,0.0,0.0,0.0,0.0,0.0,109.011857708,2758.0,0.0,0.0,0.0,0.0,0.0,156.8,1.0,0.0
2,1,484280069.0,1832206992,A,1.0,9193.33333333,173.333333333,201.481481481,3448.0,0.0,0.0,0.0,0.0,0.0,109.011857708,2758.0,0.0,0.0,0.0,0.0,0.0,156.8,1.0,0.0
2,1,484280070.0,1832206992,A,1.0,9193.33333333,173.333333333,201.481481481,3448.0,0.0,0.0,0.0,0.0,0.0,109.011857708,2758.0,0.0,0.0,0.0,0.0,0.0,156.8,1.0,0.0
2,1,484280071.0,1832206992,A,1.0,9193.33333333,173.333333333,201.481481481,3448.0,0.0,0.0,0.0,0.0,0.0,109.011857708,2758.0,0.0,0.0,0.0,0.0,0.0,156.8,1.0,0.0
2,1,484280072.0,1832206992,A,1.0,9193.33333333,173.333333333,201.481481481,3448.0,0.0,0.0,0.0,0.0,0.0,109.011857708,2758.0,0.0,0.0,0.0,0.0,0.0,156.8,0.0,0.0
2,1,484280073.0,1832206992,A,1.0,9193.33333333,173.333333333,201.481481481,3448.0,0.0,0.0,0.0,0.0,0.0,109.011857708,2758.0,0.0,0.0,0.0,0.0,0.0,156.8,0.0,0.0
2,1,484280074.333,1832206992,A,1.0,9193.33333333,173.333333333,201.481481481,3448.0,0.0,0.0,0.0,0.0,0.0,109.011857708,2758.0,0.0,0.0,0.0,0.0,0.0,160.0,0.0,0.0
2,1,484280075.0,1832206992,A,1.0,9193.33333333,173.333333333,201.481481481,3448.0,0.0,0.0,0.0,0.0,0.0,109.011857708,2758.0,0.0,0.0,0.0,0.0,0.0,160.0,0.0,0.0
2,1,484280076.0,1832206992,A,1.0,9193.33333333,173.333333333,201.481481481,3448.0,0.0,0.0,0.0,0.0,0.0,109.011857708,2758.0,0.0,0.0,0.0,0.0,0.0,160.0,0.0,0.0
2,1,484280077.0,1832206992,A,1.0,9193.33333333,173.333333333,201.481481481,3448.0,0.0,0.0,0.0,0.0,0.0,109.011857708,2758.0,0.0,0.0,0.0,0.0,0.0,160.0,0.0,0.0
2,1,484280078.0,1832206992,A,1.0,9193.33333333,173.333333333,201.481481481,3448.0,0.0,0.0,0.0,0.0,0.0,109.011857708,2758.0,0.0,0.0,0.0,0.0,0.0,160.0,0.0,0.0
2,1,484280079.0,1832206992,A,1.0,9193.33333333,173.333333333,201.481481481,3448.0,0.0,0.0,0.0,0.0,0.0,109.011857708,2758.0,0.0,0.0,0.0,0.0,0.0,160.0,0.0,0.0
2,1,484280080.0,1832206992,A,1.0,9193.33333333,173.333333333,201.481481481,3448.0,0.0,0.0,0.0,0.0,0.0,109.011857708,2758.0,0.0,0.0,0.0,0.0,0.0,160.0,0.0,0.0
2,1,484280081.0,1832206992,A,1.0,9193.33333333,173.333333333,201.481481481,3448.0,0.0,0.0,0.0,0.0,0.0,109.011857708,2758.0,0.0,0.0,0.0,0.0,0.0,160.0,0.0,0.0
2,1,484280082.0,1832206992,A,1.0,9193.33333333,173.333333333,201.481481481,3448.0,0.0,0.0,0.0,0.0,0.0,109.011857708,2758.0,0.0,0.0,0.0,0.0,0.0,160.0,0.0,0.0
2,1,484280083.0,1832206992,A,1.0,9193.33333333,173.333333333,201.481481481,3448.0,0.0,0.0,0.0,0.0,0.0,109.011857708,2758.0,0.0,0.0,0.0,0.0,0.0,160.0,0.0,0.0
2,1,484280084.333,1832206992,A,1.0,9193.33333333,173.333333333,201.481481481,3448.0,0.0,0.0,0.0,0.0,0.0,109.011857708,2758.0,0.0,0.0,0.0,0.0,0.0,160.0,0.0,0.0
2,1,484280086.333,1832206992,A,1.0,9193.33333333,173.333333333,201.481481481,3448.0,0.0,0.0,0.0,0.0,0.0,109.011857708,2758.0,0.0,0.0,0.0,0.0,0.0,160.0,0.0,0.0
2,1,484280086.667,1832206992,A,1.0,9193.33333333,173.333333333,201.481481481,3448.0,0.0,0.0,0.0,0.0,0.0,109.011857708,2758.0,0.0,0.0,0.0,0.0,0.0,160.0,0.0,0.0
2,1,484280087.0,1832206992,A,1.0,9193.33333333,173.333333333,201.481481481,3448.0,0.0,0.0,0.0,0.0,0.0,109.011857708,2758.0,0.0,0.0,0.0,0.0,0.0,160.0,0.0,0.0
2,1,484280088.0,1832206992,A,1.0,9193.33333333,173.333333333,201.481481481,3448.0,0.0,0.0,0.0,0.0,0.0,109.011857708,2758.0,0.0,0.0,0.0,0.0,0.0,160.0,0.0,0.0
2,1,484280089.0,1832206992,A,1.0,9193.33333333,173.333333333,201.481481481,3448.0,0.0,0.0,0.0,0.0,0.0,109.011857708,2758.0,0.0,0.0,0.0,0.0,0.0,160.0,0.0,0.0
2,1,484280090.0,1832206992,A,1.0,9193.33333333,173.333333333,201.481481481,3448.0,0.0,0.0,0.0,0.0,0.0,109.011857708,2758.0,0.0,0.0,0.0,0.0,0.0,156.8,0.0,0.0
2,1,484280091.0,1832206992,A,1.0,9193.33333333,173.333333333,201.481481481,3448.0,0.0,0.0,0.0,0.0,0.0,109.011857708,2758.0,0.0,0.0,0.0,0.0,0.0,156.8,0.0,0.0
2,1,484280092.0,1832206992,A,1.0,9193.33333333,173.333333333,201.481481481,3448.0,0.0,0.0,0.0,0.0,0.0,109.011857708,2758.0,0.0,0.0,0.0,0.0,0.0,156.8,0.0,0.0
2,1,484280093.0,1832206992,A,1.0,9193.33333333,173.333333333,201.481481481,3448.0,0.0,0.0,0.0,0.0,0.0,109.011857708,2758.0,0.0,0.0,0.0,0.0,0.0,156.8,1.0,0.0
2,1,484280094.0,1832206992,A,1.0,9193.33333333,173.333333333,201.481481481,3448.0,0.0,0.0,0.0,0.0,0.0,109.011857708,2758.0,0.0,0.0,0.0,0.0,0.0,156.8,1.0,0.0
2,1,484280095.0,1832206992,A,1.0,9193.33333333,173.333333333,201.481481481,3448.0,0.0,0.0,0.0,0.0,0.0,109.011857708,2758.0,0.0,0.0,0.0,0.0,0.0,156.8,1.0,0.0
2,1,484280096.0,1832206992,A,1.0,9193.33333333,173.333333333,201.481481481,3448.0,0.0,0.0,0.0,0.0,0.0,109.011857708,2758.0,0.0,0.0,0.0,0.0,0.0,156.8,1.0,0.0
2,1,484280097.0,1832206992,A,1.0,9193.33333333,173.333333333,201.481481481,3448.0,0.0,0.0,0.0,0.0,0.0,109.011857708,2758.0,0.0,0.0,0.0,0.0,0.0,156.8,1.0,0.0
2,1,484280098.0,1832206992,A,1.0,9193.33333333,173.333333333,201.481481481,3448.0,0.0,0.0,0.0,0.0,0.0,109.011857708,2758.0,0.0,0.0,0.0,0.0,0.0,160.0,0.0,0.0
2,1,484280099.0,1832206992,A,1.0,9193.33333333,173.333333333,201.481481481,3448.0,0.0,0.0,0.0,0.0,0.0,109.011857708,2758.0,0.0,0.0,0.0,0.0,0.0,160.0,0.0,0.0
2,1,484280100.0,1832206992,A,1.0,9193.33333333,173.333333333,201.481481481,3448.0,0.0,0.0,0.0,0.0,0.0,109.011857708,2758.0,0.0,0.0,0.0,0.0,0.0,160.0,0.0,0.0
2,1,484280101.0,1832206992,A,1.0,9193.33333333,173.333333333,201.481481481,3448.0,0.0,0.0,0.0,0.0,0.0,109.011857708,2758.0,0.0,0.0,0.0,0.0,0.0,156.8,0.0,0.0
2,1,484280102.0,1832206992,A,1.0,9193.33333333,173.333333333,201.481481481,3448.0,0.0,0.0,0.0,0.0,0.0,109.011857708,2758.0,0.0,0.0,0.0,0.0,0.0,160.0,0.0,0.0
2,1,484280103.0,1832206992,A,1.0,9193.33333333,173.333333333,201.481481481,3448.0,0.0,0.0,0.0,0.0,0.0,109.011857708,2758.0,0.0,0.0,0.0,0.0,0.0,160.0,0.0,0.0
2,1,484280104.0,1832206992,A,1.0,9193.33333333,173.333333333,201.481481481,3448.0,0.0,0.0,0.0,0.0,0.0,109.011857708,2758.0,0.0,0.0,0.0,0.0,0.0,160.0,0.0,0.0
2,1,484280105.0,1832206992,A,1.0,9193.33333333,173.333333333,201.481481481,3448.0,0.0,0.0,0.0,0.0,0.0,109.011857708,2758.0,0.0,0.0,0.0,0.0,0.0,160.0,0.0,0.0
2,1,484280106.333,1832206992,A,1.0,9193.33333333,173.333333333,201.481481481,3448.0,0.0,0.0,0.0,0.0,0.0,109.011857708,2758.0,0.0,0.0,0.0,0.0,0.0,156.8,0.0,0.0
2,1,484280107.0,1832206992,A,1.0,9193.33333333,173.333333333,201.481481481,3448.0,0.0,0.0,0.0,0.0,0.0,109.011857708,2758.0,0.0,0.0,0.0,0.0,0.0,156.8,0.0,0.0
2,1,484280108.0,1832206992,A,1.0,9193.33333333,173.333333333,201.481481481,3448.0,0.0,0.0,0.0,0.0,0.0,109.011857708,2758.0,0.0,0.0,0.0,0.0,0.0,156.8,0.0,0.0
2,1,484280109.0,1832206992,A,1.0,9193.33333333,173.333333333,201.481481481,3448.0,0.0,0.0,0.0,0.0,0.0,109.011857708,2758.0,0.0,0.0,0.0,0.0,0.0,156.8,0.0,0.0
2,1,484280110.0,1832206992,A,1.0,9193.33333333,173.333333333,201.481481481,3448.0,0.0,0.0,0.0,0.0,0.0,109.011857708,2758.0,0.0,0.0,0.0,0.0,0.0,156.8,0.0,0.0
2,1,484280111.0,1832206992,A,1.0,9193.33333333,173.333333333,201.481481481,3448.0,0.0,0.0,0.0,0.0,0.0,109.011857708,2758.0,0.0,0.0,0.0,0.0,0.0,156.8,0.0,0.0
2,1,484280112.0,1832206992,A,1.0,9193.33333333,173.333333333,201.481481481,3448.0,0.0,0.0,0.0,0.0,0.0,109.011857708,2758.0,0.0,0.0,0.0,0.0,0.0,156.8,0.0,0.0
2,1,484280113.333,1832206992,A,1.0,9193.33333333,173.333333333,201.481481481,3448.0,0.0,0.0,0.0,0.0,0.0,109.011857708,2758.0,0.0,0.0,0.0,0.0,0.0,160.0,0.0,0.0
2,1,484280114.0,1832206992,A,1.0,9193.33333333,173.333333333,201.481481481,3448.0,0.0,0.0,0.0,0.0,0.0,109.011857708,2758.0,0.0,0.0,0.0,0.0,0.0,160.0,0.0,0.0
2,1,484280115.0,1832206992,A,1.0,9193.33333333,173.333333333,201.481481481,3448.0,0.0,0.0,0.0,0.0,0.0,109.011857708,2758.0,0.0,0.0,0.0,0.0,0.0,160.0,0.0,0.0
2,1,484280116.0,1832206992,A,1.0,9193.33333333,173.333333333,201.481481481,3448.0,0.0,0.0,0.0,0.0,0.0,109.011857708,2758.0,0.0,0.0,0.0,0.0,0.0,160.0,0.0,0.0
2,1,484280117.0,1832206992,A,1.0,9193.33333333,173.333333333,201.481481481,3448.0,0.0,0.0,0.0,0.0,0.0,109.011857708,2758.0,0.0,0.0,0.0,0.0,0.0,160.0,0.0,0.0
2,1,484280118.0,1832206992,A,1.0,9193.33333333,173.333333333,201.481481481,3448.0,0.0,0.0,0.0,0.0,0.0,109.011857708,2758.0,0.0,0.0,0.0,0.0,0.0,160.0,1.0,0.0
2,1,484280119.0,1832206992,A,1.0,9193.33333333,173.333333333,201.481481481,3448.0,0.0,0.0,0.0,0.0,0.0,109.011857708,2758.0,0.0,0.0,0.0,0.0,0.0,160.0,1.0,0.0
2,1,484280120.0,1832206992,A,1.0,9193.33333333,173.333333333,201.481481481,3448.0,0.0,0.0,0.0,0.0,0.0,109.011857708,2758.0,0.0,0.0,0.0,0.0,0.0,156.8,1.0,0.0
2,1,484280121.0,1832206992,A,1.0,9193.33333333,173.333333333,201.481481481,3448.0,0.0,0.0,0.0,0.0,0.0,109.011857708,2758.0,0.0,0.0,0.0,0.0,0.0,156.8,1.0,0.0
2,1,484280122.0,1832206992,A,1.0,9193.33333333,173.333333333,201.481481481,3448.0,0.0,0.0,0.0,0.0,0.0,109.011857708,2758.0,0.0,0.0,0.0,0.0,0.0,160.0,1.0,0.0
2,1,484280123.0,1832206992,A,1.0,9193.33333333,173.333333333,201.481481481,3448.0,0.0,0.0,0.0,0.0,0.0,109.011857708,2758.0,0.0,0.0,0.0,0.0,0.0,160.0,1.0,0.0
2,1,484280124.0,1832206992,A,1.0,9193.33333333,173.333333333,201.481481481,3448.0,0.0,0.0,0.0,0.0,0.0,109.011857708,2758.0,0.0,0.0,0.0,0.0,0.0,160.0,1.0,0.0
2,1,484280125.0,1832206992,A,1.0,9193.33333333,173.333333333,201.481481481,3448.0,0.0,0.0,0.0,0.0,0.0,109.011857708,2758.0,0.0,0.0,0.0,0.0,0.0,160.0,1.0,0.0
2,1,484280127.0,1832206992,A,1.0,9193.33333333,173.333333333,201.481481481,3448.0,0.0,0.0,0.0,0.0,0.0,109.011857708,2758.0,0.0,0.0,0.0,0.0,0.0,160.0,1.0,0.0
2,1,484280127.333,1832206992,A,1.0,9193.33333333,173.333333333,201.481481481,3448.0,0.0,0.0,0.0,0.0,0.0,109.011857708,2758.0,0.0,0.0,0.0,0.0,0.0,160.0,1.0,0.0
2,1,484280128.0,1832206992,A,1.0,9193.33333333,173.333333333,201.481481481,3448.0,0.0,0.0,0.0,0.0,0.0,109.011857708,2758.0,0.0,0.0,0.0,0.0,0.0,160.0,1.0,0.0
2,1,484280129.0,1832206992,A,1.0,9193.33333333,173.333333333,201.481481481,3448.0,0.0,0.0,0.0,0.0,0.0,109.011857708,2758.0,0.0,0.0,0.0,0.0,0.0,160.0,1.0,0.0
2,1,484280130.0,1832206992,A,1.0,9193.33333333,173.333333333,201.481481481,3448.0,0.0,0.0,0.0,0.0,0.0,109.011857708,2758.0,0.0,0.0,0.0,0.0,0.0,160.0,1.0,0.0
2,1,484280131.0,1832206992,A,1.0,9193.33333333,173.333333333,201.481481481,3448.0,0.0,0.0,0.0,0.0,0.0,109.011857708,2758.0,0.0,0.0,0.0,0.0,0.0,156.8,1.0,0.0
2,1,484280132.0,1832206992,A,1.0,9193.33333333,173.333333333,201.481481481,3448.0,0.0,0.0,0.0,0.0,0.0,109.011857708,2758.0,0.0,0.0,0.0,0.0,0.0,156.8,1.0,0.0
2,1,484280133.0,1832206992,A,1.0,9193.33333333,173.333333333,201.481481481,3448.0,0.0,0.0,0.0,0.0,0.0,109.011857708,2758.0,0.0,0.0,0.0,0.0,0.0,156.8,1.0,0.0
2,1,484280134.0,1832206992,A,1.0,9193.33333333,173.333333333,201.481481481,3448.0,0.0,0.0,0.0,0.0,0.0,109.011857708,2758.0,0.0,0.0,0.0,0.0,0.0,156.8,1.0,0.0
2,1,484280135.0,1832206992,A,1.0,9193.33333333,173.333333333,201.481481481,3448.0,0.0,0.0,0.0,0.0,0.0,109.011857708,2758.0,0.0,0.0,0.0,0.0,0.0,156.8,1.0,0.0
2,1,484280136.0,1832206992,A,1.0,9193.33333333,173.333333333,201.481481481,3448.0,0.0,0.0,0.0,0.0,0.0,109.011857708,2758.0,0.0,0.0,0.0,0.0,0.0,156.8,1.0,0.0
2,1,484280137.0,1832206992,A,1.0,9193.33333333,173.333333333,201.481481481,3448.0,0.0,0.0,0.0,0.0,0.0,109.011857708,2758.0,0.0,0.0,0.0,0.0,0.0,156.8,1.0,0.0
2,1,484280138.0,1832206992,A,1.0,9193.33333333,173.333333333,201.481481481,3448.0,0.0,0.0,0.0,0.0,0.0,109.011857708,2758.0,0.0,0.0,0.0,0.0,0.0,156.8,1.0,0.0
2,1,484280139.333,1832206992,A,1.0,9193.33333333,173.333333333,201.481481481,3448.0,0.0,0.0,0.0,0.0,0.0,109.011857708,2758.0,0.0,0.0,0.0,0.0,0.0,156.8,1.0,0.0
2,1,484280140.0,1832206992,A,1.0,9193.33333333,173.333333333,201.481481481,3448.0,0.0,0.0,0.0,0.0,0.0,109.011857708,2758.0,0.0,0.0,0.0,0.0,0.0,156.8,1.0,0.0
2,1,484280141.0,1832206992,A,1.0,9193.33333333,173.333333333,201.481481481,3448.0,0.0,0.0,0.0,0.0,0.0,109.011857708,2758.0,0.0,0.0,0.0,0.0,0.0,160.0,1.0,0.0
2,1,484280142.333,1832206992,A,1.0,9193.33333333,173.333333333,201.481481481,3448.0,0.0,0.0,0.0,0.0,0.0,109.011857708,2758.0,0.0,0.0,0.0,0.0,0.0,160.0,1.0,0.0
2,1,484280143.0,1832206992,A,1.0,9193.33333333,173.333333333,201.481481481,3448.0,0.0,0.0,0.0,0.0,0.0,109.011857708,2758.0,0.0,0.0,0.0,0.0,0.0,160.0,1.0,0.0
2,1,484280144.0,1832206992,A,1.0,9193.33333333,173.333333333,201.481481481,3448.0,0.0,0.0,0.0,0.0,0.0,109.011857708,2758.0,0.0,0.0,0.0,0.0,0.0,160.0,1.0,0.0
2,1,484280145.0,1832206992,A,1.0,9193.33333333,173.333333333,201.481481481,3448.0,0.0,0.0,0.0,0.0,0.0,109.011857708,2758.0,0.0,0.0,0.0,0.0,0.0,160.0,1.0,0.0
2,1,484280146.0,1832206992,A,1.0,9193.33333333,173.333333333,201.481481481,3448.0,0.0,0.0,0.0,0.0,0.0,109.011857708,2758.0,0.0,0.0,0.0,0.0,0.0,156.8,1.0,0.0
2,1,484280147.0,1832206992,A,1.0,9193.33333333,173.333333333,201.481481481,3448.0,0.0,0.0,0.0,0.0,0.0,109.011857708,2758.0,0.0,0.0,0.0,0.0,0.0,156.8,1.0,0.0
2,1,484280148.0,1832206992,A,1.0,9193.33333333,173.333333333,201.481481481,3448.0,0.0,0.0,0.0,0.0,0.0,109.011857708,2758.0,0.0,0.0,0.0,0.0,0.0,160.0,1.0,0.0
2,1,484280149.333,1832206992,A,1.0,9193.33333333,173.333333333,201.481481481,3448.0,0.0,0.0,0.0,0.0,0.0,109.011857708,2758.0,0.0,0.0,0.0,0.0,0.0,160.0,1.0,0.0
2,1,484280150.0,1832206992,A,1.0,9193.33333333,173.333333333,201.481481481,3448.0,0.0,0.0,0.0,0.0,0.0,109.011857708,2758.0,0.0,0.0,0.0,0.0,0.0,160.0,1.0,0.0
2,1,484280151.0,1832206992,A,1.0,9193.33333333,173.333333333,201.481481481,3448.0,0.0,0.0,0.0,0.0,0.0,109.011857708,2758.0,0.0,0.0,0.0,0.0,0.0,160.0,1.0,0.0
2,1,484280152.0,1832206992,A,1.0,9193.33333333,173.333333333,201.481481481,3448.0,0.0,0.0,0.0,0.0,0.0,109.011857708,2758.0,0.0,0.0,0.0,0.0,0.0,160.0,1.0,0.0
2,1,484280153.0,1832206992,A,1.0,9193.33333333,173.333333333,201.481481481,3448.0,0.0,0.0,0.0,0.0,0.0,109.011857708,2758.0,0.0,0.0,0.0,0.0,0.0,156.8,1.0,0.0
2,1,484280154.0,1832206992,A,1.0,9193.33333333,173.333333333,201.481481481,3448.0,0.0,0.0,0.0,0.0,0.0,109.011857708,2758.0,0.0,0.0,0.0,0.0,0.0,160.0,1.0,0.0
2,1,484280155.0,1832206992,A,1.0,9193.33333333,173.333333333,201.481481481,3448.0,0.0,0.0,0.0,0.0,0.0,109.011857708,2758.0,0.0,0.0,0.0,0.0,0.0,160.0,1.0,0.0
2,1,484280156.0,1832206992,A,1.0,9193.33333333,173.333333333,201.481481481,3448.0,0.0,0.0,0.0,0.0,0.0,109.011857708,2758.0,0.0,0.0,0.0,0.0,0.0,160.0,1.0,0.0
2,2,484280172.0,1832206992,A,2.0,9193.33333333,173.333333333,201.481481481,3448.0,0.0,0.0,0.0,0.0,0.0,109.011857708,2758.0,0.0,0.0,0.0,0.0,0.0,160.0,1.0,0.0
2,2,484280173.0,1832206992,A,2.0,9193.33333333,173.333333333,201.481481481,3448.0,0.0,0.0,0.0,0.0,0.0,109.011857708,2758.0,0.0,0.0,0.0,0.0,0.0,160.0,1.0,0.0
2,2,484280174.0,1832206992,A,2.0,9193.33333333,173.333333333,201.481481481,3448.0,0.0,0.0,0.0,0.0,0.0,109.011857708,2758.0,0.0,0.0,0.0,0.0,0.0,160.0,0.0,0.0
2,2,484280175.0,1832206992,A,2.0,9193.33333333,173.333333333,201.481481481,3448.0,0.0,0.0,0.0,0.0,0.0,109.011857708,2758.0,0.0,0.0,0.0,0.0,0.0,160.0,0.0,0.0
2,2,484280176.0,1832206992,A,2.0,9193.33333333,173.333333333,201.481481481,3448.0,0.0,0.0,0.0,0.0,0.0,109.011857708,2758.0,0.0,0.0,0.0,0.0,0.0,160.0,0.0,0.0
2,2,484280177.0,1832206992,A,2.0,9193.33333333,173.333333333,201.481481481,3448.0,0.0,0.0,0.0,0.0,0.0,109.011857708,2758.0,0.0,0.0,0.0,0.0,0.0,156.8,0.0,0.0
2,2,484280178.0,1832206992,A,2.0,9193.33333333,173.333333333,201.481481481,3448.0,0.0,0.0,0.0,0.0,0.0,109.011857708,2758.0,0.0,0.0,0.0,0.0,0.0,160.0,0.0,0.0
2,2,484280179.0,1832206992,A,2.0,9193.33333333,173.333333333,201.481481481,3448.0,0.0,0.0,0.0,0.0,0.0,109.011857708,2758.0,0.0,0.0,0.0,0.0,0.0,160.0,0.0,0.0
2,2,484280180.0,1832206992,A,2.0,9193.33333333,173.333333333,201.481481481,3448.0,0.0,0.0,0.0,0.0,0.0,109.011857708,2758.0,0.0,0.0,0.0,0.0,0.0,160.0,0.0,0.0
2,2,484280181.0,1832206992,A,2.0,9193.33333333,173.333333333,201.481481481,3448.0,0.0,0.0,0.0,0.0,0.0,109.011857708,2758.0,0.0,0.0,0.0,0.0,0.0,160.0,0.0,0.0
2,2,484280182.0,1832206992,A,2.0,9193.33333333,173.333333333,201.481481481,3448.0,0.0,0.0,0.0,0.0,0.0,109.011857708,2758.0,0.0,0.0,0.0,0.0,0.0,156.8,0.0,0.0
2,2,484280183.333,1832206992,A,2.0,9193.33333333,173.333333333,201.481481481,3448.0,0.0,0.0,0.0,0.0,0.0,109.011857708,2758.0,0.0,0.0,0.0,0.0,0.0,160.0,0.0,0.0
2,2,484280184.0,1832206992,A,2.0,9193.33333333,173.333333333,201.481481481,3448.0,0.0,0.0,0.0,0.0,0.0,109.011857708,2758.0,0.0,0.0,0.0,0.0,0.0,160.0,0.0,0.0
2,2,484280185.0,1832206992,A,2.0,9193.33333333,173.333333333,201.481481481,3448.0,0.0,0.0,0.0,0.0,0.0,109.011857708,2758.0,0.0,0.0,0.0,0.0,0.0,160.0,0.0,0.0
2,2,484280186.0,1832206992,A,2.0,9193.33333333,173.333333333,201.481481481,3448.0,0.0,0.0,0.0,0.0,0.0,109.011857708,2758.0,0.0,0.0,0.0,0.0,0.0,160.0,0.0,0.0
2,2,484280187.0,1832206992,A,2.0,9193.33333333,173.333333333,201.481481481,3448.0,0.0,0.0,0.0,0.0,0.0,109.011857708,2758.0,0.0,0.0,0.0,0.0,0.0,156.8,0.0,0.0
2,2,484280188.0,1832206992,A,2.0,9193.33333333,173.333333333,201.481481481,3448.0,0.0,0.0,0.0,0.0,0.0,109.011857708,2758.0,0.0,0.0,0.0,0.0,0.0,156.8,0.0,0.0
2,2,484280189.0,1832206992,A,2.0,9193.33333333,173.333333333,201.481481481,3448.0,0.0,0.0,0.0,0.0,0.0,109.011857708,2758.0,0.0,0.0,0.0,0.0,0.0,156.8,0.0,0.0
2,2,484280190.0,1832206992,A,2.0,9193.33333333,173.333333333,201.481481481,3448.0,0.0,0.0,0.0,0.0,0.0,109.011857708,2758.0,0.0,0.0,0.0,0.0,0.0,160.0,0.0,0.0
2,2,484280191.0,1832206992,A,2.0,9193.33333333,173.333333333,201.481481481,3448.0,0.0,0.0,0.0,0.0,0.0,109.011857708,2758.0,0.0,0.0,0.0,0.0,0.0,156.8,0.0,0.0
2,2,484280192.0,1832206992,A,2.0,9193.33333333,173.333333333,201.481481481,3448.0,0.0,0.0,0.0,0.0,0.0,109.011857708,2758.0,0.0,0.0,0.0,0.0,0.0,156.8,0.0,0.0
2,2,484280193.0,1832206992,A,2.0,9193.33333333,173.333333333,201.481481481,3448.0,0.0,0.0,0.0,0.0,0.0,109.011857708,2758.0,0.0,0.0,0.0,0.0,0.0,156.8,0.0,0.0
2,2,484280194.0,1832206992,A,2.0,9193.33333333,173.333333333,201.481481481,3448.0,0.0,0.0,0.0,0.0,0.0,109.011857708,2758.0,0.0,0.0,0.0,0.0,0.0,156.8,0.0,0.0
2,2,484280195.0,1832206992,A,2.0,9193.33333333,173.333333333,201.481481481,3448.0,0.0,0.0,0.0,0.0,0.0,109.011857708,2758.0,0.0,0.0,0.0,0.0,0.0,156.8,1.0,0.0
2,2,484280196.0,1832206992,A,2.0,9193.33333333,173.333333333,201.481481481,3448.0,0.0,0.0,0.0,0.0,0.0,109.011857708,2758.0,0.0,0.0,0.0,0.0,0.0,156.8,1.0,0.0
2,2,484280197.0,1832206992,A,2.0,9193.33333333,173.333333333,201.481481481,3448.0,0.0,0.0,0.0,0.0,0.0,109.011857708,2758.0,0.0,0.0,0.0,0.0,0.0,156.8,1.0,0.0
2,2,484280198.0,1832206992,A,2.0,9193.33333333,173.333333333,201.481481481,3448.0,0.0,0.0,0.0,0.0,0.0,109.011857708,2758.0,0.0,0.0,0.0,0.0,0.0,156.8,1.0,0.0
2,2,484280199.0,1832206992,A,2.0,9193.33333333,173.333333333,201.481481481,3448.0,0.0,0.0,0.0,0.0,0.0,109.011857708,2758.0,0.0,0.0,0.0,0.0,0.0,156.8,1.0,0.0
2,2,484280200.0,1832206992,A,2.0,9193.33333333,173.333333333,201.481481481,3448.0,0.0,0.0,0.0,0.0,0.0,109.011857708,2758.0,0.0,0.0,0.0,0.0,0.0,156.8,0.0,0.0
2,2,484280201.0,1832206992,A,2.0,9193.33333333,173.333333333,201.481481481,3448.0,0.0,0.0,0.0,0.0,0.0,109.011857708,2758.0,0.0,0.0,0.0,0.0,0.0,156.8,0.0,0.0
2,2,484280202.0,1832206992,A,2.0,9193.33333333,173.333333333,201.481481481,3448.0,0.0,0.0,0.0,0.0,0.0,109.011857708,2758.0,0.0,0.0,0.0,0.0,0.0,156.8,0.0,0.0
2,2,484280203.0,1832206992,A,2.0,9193.33333333,173.333333333,201.481481481,3448.0,0.0,0.0,0.0,0.0,0.0,109.011857708,2758.0,0.0,0.0,0.0,0.0,0.0,156.8,0.0,0.0
2,2,484280204.0,1832206992,A,2.0,9193.33333333,173.333333333,201.481481481,3448.0,0.0,0.0,0.0,0.0,0.0,109.011857708,2758.0,0.0,0.0,0.0,0.0,0.0,156.8,0.0,0.0
2,2,484280205.0,1832206992,A,2.0,9193.33333333,173.333333333,201.481481481,3448.0,0.0,0.0,0.0,0.0,0.0,109.011857708,2758.0,0.0,0.0,0.0,0.0,0.0,156.8,0.0,0.0
2,2,484280206.0,1832206992,A,2.0,9193.33333333,173.333333333,201.481481481,3448.0,0.0,0.0,0.0,0.0,0.0,109.011857708,2758.0,0.0,0.0,0.0,0.0,0.0,156.8,0.0,0.0
2,2,484280207.0,1832206992,A,2.0,9193.33333333,173.333333333,201.481481481,3448.0,0.0,0.0,0.0,0.0,0.0,109.011857708,2758.0,0.0,0.0,0.0,0.0,0.0,156.8,0.0,0.0
2,2,484280209.333,1832206992,A,2.0,9193.33333333,173.333333333,201.481481481,3448.0,0.0,0.0,0.0,0.0,0.0,109.011857708,2758.0,0.0,0.0,0.0,0.0,0.0,160.0,0.0,0.0
2,2,484280209.667,1832206992,A,2.0,9193.33333333,173.333333333,201.481481481,3448.0,0.0,0.0,0.0,0.0,0.0,109.011857708,2758.0,0.0,0.0,0.0,0.0,0.0,160.0,0.0,0.0
2,2,484280210.0,1832206992,A,2.0,9193.33333333,173.333333333,201.481481481,3448.0,0.0,0.0,0.0,0.0,0.0,109.011857708,2758.0,0.0,0.0,0.0,0.0,0.0,160.0,0.0,0.0
2,2,484280211.0,1832206992,A,2.0,9193.33333333,173.333333333,201.481481481,3448.0,0.0,0.0,0.0,0.0,0.0,109.011857708,2758.0,0.0,0.0,0.0,0.0,0.0,160.0,0.0,0.0
2,2,484280212.0,1832206992,A,2.0,9193.33333333,173.333333333,201.481481481,3448.0,0.0,0.0,0.0,0.0,0.0,109.011857708,2758.0,0.0,0.0,0.0,0.0,0.0,160.0,0.0,0.0
2,2,484280213.333,1832206992,A,2.0,9193.33333333,173.333333333,201.481481481,3448.0,0.0,0.0,0.0,0.0,0.0,109.011857708,2758.0,0.0,0.0,0.0,0.0,0.0,160.0,0.0,0.0
2,2,484280214.667,1832206992,A,2.0,9193.33333333,173.333333333,201.481481481,3448.0,0.0,0.0,0.0,0.0,0.0,109.011857708,2758.0,0.0,0.0,0.0,0.0,0.0,156.8,0.0,0.0
2,2,484280216.667,1832206992,A,2.0,9193.33333333,173.333333333,201.481481481,3448.0,0.0,0.0,0.0,0.0,0.0,109.011857708,2758.0,0.0,0.0,0.0,0.0,0.0,156.8,0.0,0.0
2,2,484280217.0,1832206992,A,2.0,9193.33333333,173.333333333,201.481481481,3448.0,0.0,0.0,0.0,0.0,0.0,109.011857708,2758.0,0.0,0.0,0.0,0.0,0.0,156.8,0.0,0.0
2,2,484280217.667,1832206992,A,2.0,9193.33333333,173.333333333,201.481481481,3448.0,0.0,0.0,0.0,0.0,0.0,109.011857708,2758.0,0.0,0.0,0.0,0.0,0.0,156.8,0.0,0.0
2,2,484280218.333,1832206992,A,2.0,9193.33333333,173.333333333,201.481481481,3448.0,0.0,0.0,0.0,0.0,0.0,109.011857708,2758.0,0.0,0.0,0.0,0.0,0.0,156.8,0.0,0.0
2,2,484280224.333,1832206992,A,2.0,9193.33333333,173.333333333,201.481481481,3448.0,0.0,0.0,0.0,0.0,0.0,109.011857708,2758.0,0.0,0.0,0.0,0.0,0.0,160.0,1.0,0.0
2,2,484280225.667,1832206992,A,2.0,9193.33333333,173.333333333,201.481481481,3448.0,0.0,0.0,0.0,0.0,0.0,109.011857708,2758.0,0.0,0.0,0.0,0.0,0.0,160.0,1.0,0.0
2,2,484280226.0,1832206992,A,2.0,9193.33333333,173.333333333,201.481481481,3448.0,0.0,0.0,0.0,0.0,0.0,109.011857708,2758.0,0.0,0.0,0.0,0.0,0.0,160.0,1.0,0.0
2,2,484280226.333,1832206992,A,2.0,9193.33333333,173.333333333,201.481481481,3448.0,0.0,0.0,0.0,0.0,0.0,109.011857708,2758.0,0.0,0.0,0.0,0.0,0.0,160.0,1.0,0.0
2,2,484280227.0,1832206992,A,2.0,9193.33333333,173.333333333,201.481481481,3448.0,0.0,0.0,0.0,0.0,0.0,109.011857708,2758.0,0.0,0.0,0.0,0.0,0.0,160.0,1.0,0.0
2,2,484280227.333,1832206992,A,2.0,9193.33333333,173.333333333,201.481481481,3448.0,0.0,0.0,0.0,0.0,0.0,109.011857708,2758.0,0.0,0.0,0.0,0.0,0.0,160.0,1.0,0.0
2,2,484280227.667,1832206992,A,2.0,9193.33333333,173.333333333,201.481481481,3448.0,0.0,0.0,0.0,0.0,0.0,109.011857708,2758.0,0.0,0.0,0.0,0.0,0.0,160.0,1.0,0.0
2,2,484280228.0,1832206992,A,2.0,9193.33333333,173.333333333,201.481481481,3448.0,0.0,0.0,0.0,0.0,0.0,109.011857708,2758.0,0.0,0.0,0.0,0.0,0.0,160.0,1.0,0.0
2,2,484280228.333,1832206992,A,2.0,9193.33333333,173.333333333,201.481481481,3448.0,0.0,0.0,0.0,0.0,0.0,109.011857708,2758.0,0.0,0.0,0.0,0.0,0.0,160.0,1.0,0.0
2,2,484280228.667,1832206992,A,2.0,9193.33333333,173.333333333,201.481481481,3448.0,0.0,0.0,0.0,0.0,0.0,109.011857708,2758.0,0.0,0.0,0.0,0.0,0.0,160.0,1.0,0.0
2,3,484280232.0,1832206992,A,3.0,9193.33333333,173.333333333,201.481481481,3448.0,0.0,0.0,0.0,0.0,0.0,109.011857708,2758.0,0.0,0.0,0.0,0.0,0.0,156.8,1.0,0.0
2,3,484280233.0,1832206992,A,3.0,9193.33333333,173.333333333,201.481481481,3448.0,0.0,0.0,0.0,0.0,0.0,109.011857708,2758.0,0.0,0.0,0.0,0.0,0.0,156.8,1.0,0.0
2,3,484280234.0,1832206992,A,3.0,9193.33333333,173.333333333,201.481481481,3448.0,0.0,0.0,0.0,0.0,0.0,109.011857708,2758.0,0.0,0.0,0.0,0.0,0.0,156.8,1.0,0.0
2,3,484280235.0,1832206992,A,3.0,9193.33333333,173.333333333,201.481481481,3448.0,0.0,0.0,0.0,0.0,0.0,109.011857708,2758.0,0.0,0.0,0.0,0.0,0.0,156.8,1.0,0.0
2,3,484280236.0,1832206992,A,3.0,9193.33333333,173.333333333,201.481481481,3448.0,0.0,0.0,0.0,0.0,0.0,109.011857708,2758.0,0.0,0.0,0.0,0.0,0.0,156.8,1.0,0.0
2,3,484280237.0,1832206992,A,3.0,9193.33333333,173.333333333,201.481481481,3448.0,0.0,0.0,0.0,0.0,0.0,109.011857708,2758.0,0.0,0.0,0.0,0.0,0.0,156.8,1.0,0.0
2,3,484280238.0,1832206992,A,3.0,9193.33333333,173.333333333,201.481481481,3448.0,0.0,0.0,0.0,0.0,0.0,109.011857708,2758.0,0.0,0.0,0.0,0.0,0.0,156.8,1.0,0.0
2,3,484280239.0,1832206992,A,3.0,9193.33333333,173.333333333,201.481481481,3448.0,0.0,0.0,0.0,0.0,0.0,109.011857708,2758.0,0.0,0.0,0.0,0.0,0.0,156.8,1.0,0.0
2,3,484280240.0,1832206992,A,3.0,9193.33333333,173.333333333,201.481481481,3448.0,0.0,0.0,0.0,0.0,0.0,109.011857708,2758.0,0.0,0.0,0.0,0.0,0.0,156.8,1.0,0.0
2,3,484280241.0,1832206992,A,3.0,9193.33333333,173.333333333,201.481481481,3448.0,0.0,0.0,0.0,0.0,0.0,109.011857708,2758.0,0.0,0.0,0.0,0.0,0.0,160.0,1.0,0.0
2,3,484280242.0,1832206992,A,3.0,9193.33333333,173.333333333,201.481481481,3448.0,0.0,0.0,0.0,0.0,0.0,109.011857708,2758.0,0.0,0.0,0.0,0.0,0.0,160.0,1.0,0.0
2,3,484280243.0,1832206992,A,3.0,9193.33333333,173.333333333,201.481481481,3448.0,0.0,0.0,0.0,0.0,0.0,109.011857708,2758.0,0.0,0.0,0.0,0.0,0.0,156.8,1.0,0.0
2,3,484280244.0,1832206992,A,3.0,9193.33333333,173.333333333,201.481481481,3448.0,0.0,0.0,0.0,0.0,0.0,109.011857708,2758.0,0.0,0.0,0.0,0.0,0.0,160.0,1.0,0.0
2,3,484280245.0,1832206992,A,3.0,9193.33333333,173.333333333,201.481481481,3448.0,0.0,0.0,0.0,0.0,0.0,109.011857708,2758.0,0.0,0.0,0.0,0.0,0.0,156.8,1.0,0.0
2,3,484280246.333,1832206992,A,3.0,9193.33333333,173.333333333,201.481481481,3448.0,0.0,0.0,0.0,0.0,0.0,109.011857708,2758.0,0.0,0.0,0.0,0.0,0.0,156.8,1.0,0.0
2,3,484280247.0,1832206992,A,3.0,9193.33333333,173.333333333,201.481481481,3448.0,0.0,0.0,0.0,0.0,0.0,109.011857708,2758.0,0.0,0.0,0.0,0.0,0.0,156.8,1.0,0.0
2,3,484280248.0,1832206992,A,3.0,9193.33333333,173.333333333,201.481481481,3448.0,0.0,0.0,0.0,0.0,0.0,109.011857708,2758.0,0.0,0.0,0.0,0.0,0.0,156.8,1.0,0.0
2,3,484280250.0,1832206992,A,3.0,9193.33333333,173.333333333,201.481481481,3448.0,0.0,0.0,0.0,0.0,0.0,109.011857708,2758.0,0.0,0.0,0.0,0.0,0.0,156.8,1.0,0.0
2,3,484280250.333,1832206992,A,3.0,9193.33333333,173.333333333,201.481481481,3448.0,0.0,0.0,0.0,0.0,0.0,109.011857708,2758.0,0.0,0.0,0.0,0.0,0.0,156.8,0.0,0.0
2,3,484280251.0,1832206992,A,3.0,9193.33333333,173.333333333,201.481481481,3448.0,0.0,0.0,0.0,0.0,0.0,109.011857708,2758.0,0.0,0.0,0.0,0.0,0.0,156.8,0.0,0.0
2,3,484280252.0,1832206992,A,3.0,9193.33333333,173.333333333,201.481481481,3448.0,0.0,0.0,0.0,0.0,0.0,109.011857708,2758.0,0.0,0.0,0.0,0.0,0.0,156.8,0.0,0.0
2,3,484280253.0,1832206992,A,3.0,9193.33333333,173.333333333,201.481481481,3448.0,0.0,0.0,0.0,0.0,0.0,109.011857708,2758.0,0.0,0.0,0.0,0.0,0.0,156.8,0.0,0.0
2,3,484280254.0,1832206992,A,3.0,9193.33333333,173.333333333,201.481481481,3448.0,0.0,0.0,0.0,0.0,0.0,109.011857708,2758.0,0.0,0.0,0.0,0.0,0.0,156.8,0.0,0.0
2,3,484280255.0,1832206992,A,3.0,9193.33333333,173.333333333,201.481481481,3448.0,0.0,0.0,0.0,0.0,0.0,109.011857708,2758.0,0.0,0.0,0.0,0.0,0.0,156.8,0.0,0.0
2,3,484280256.0,1832206992,A,3.0,9193.33333333,173.333333333,201.481481481,3448.0,0.0,0.0,0.0,0.0,0.0,109.011857708,2758.0,0.0,0.0,0.0,0.0,0.0,156.8,0.0,0.0
2,3,484280257.0,1832206992,A,3.0,9193.33333333,173.333333333,201.481481481,3448.0,0.0,0.0,0.0,0.0,0.0,109.011857708,2758.0,0.0,0.0,0.0,0.0,0.0,156.8,0.0,0.0
2,3,484280258.0,1832206992,A,3.0,9193.33333333,173.333333333,201.481481481,3448.0,0.0,0.0,0.0,0.0,0.0,109.011857708,2758.0,0.0,0.0,0.0,0.0,0.0,156.8,0.0,0.0
2,3,484280259.0,1832206992,A,3.0,9193.33333333,173.333333333,201.481481481,3448.0,0.0,0.0,0.0,0.0,0.0,109.011857708,2758.0,0.0,0.0,0.0,0.0,0.0,156.8,0.0,0.0
2,3,484280260.0,1832206992,A,3.0,9193.33333333,173.333333333,201.481481481,3448.0,0.0,0.0,0.0,0.0,0.0,109.011857708,2758.0,0.0,0.0,0.0,0.0,0.0,156.8,0.0,0.0
2,3,484280261.0,1832206992,A,3.0,9193.33333333,173.333333333,201.481481481,3448.0,0.0,0.0,0.0,0.0,0.0,109.011857708,2758.0,0.0,0.0,0.0,0.0,0.0,160.0,0.0,0.0
2,3,484280262.333,1832206992,A,3.0,9193.33333333,173.333333333,201.481481481,3448.0,0.0,0.0,0.0,0.0,0.0,109.011857708,2758.0,0.0,0.0,0.0,0.0,0.0,160.0,0.0,0.0
2,3,484280263.0,1832206992,A,3.0,9193.33333333,173.333333333,201.481481481,3448.0,0.0,0.0,0.0,0.0,0.0,109.011857708,2758.0,0.0,0.0,0.0,0.0,0.0,160.0,0.0,0.0
2,3,484280264.0,1832206992,A,3.0,9193.33333333,173.333333333,201.481481481,3448.0,0.0,0.0,0.0,0.0,0.0,109.011857708,2758.0,0.0,0.0,0.0,0.0,0.0,160.0,0.0,0.0
2,3,484280265.0,1832206992,A,3.0,9193.33333333,173.333333333,201.481481481,3448.0,0.0,0.0,0.0,0.0,0.0,109.011857708,2758.0,0.0,0.0,0.0,0.0,0.0,156.8,0.0,0.0
2,3,484280266.0,1832206992,A,3.0,9193.33333333,173.333333333,201.481481481,3448.0,0.0,0.0,0.0,0.0,0.0,109.011857708,2758.0,0.0,0.0,0.0,0.0,0.0,156.8,0.0,0.0
2,3,484280267.0,1832206992,A,3.0,9193.33333333,173.333333333,201.481481481,3448.0,0.0,0.0,0.0,0.0,0.0,109.011857708,2758.0,0.0,0.0,0.0,0.0,0.0,156.8,0.0,0.0
2,3,484280268.0,1832206992,A,3.0,9193.33333333,173.333333333,201.481481481,3448.0,0.0,0.0,0.0,0.0,0.0,109.011857708,2758.0,0.0,0.0,0.0,0.0,0.0,156.8,0.0,0.0
2,3,484280269.333,1832206992,A,3.0,9193.33333333,173.333333333,201.481481481,3448.0,0.0,0.0,0.0,0.0,0.0,109.011857708,2758.0,0.0,0.0,0.0,0.0,0.0,156.8,0.0,0.0
2,3,484280270.0,1832206992,A,3.0,9193.33333333,173.333333333,201.481481481,3448.0,0.0,0.0,0.0,0.0,0.0,109.011857708,2758.0,0.0,0.0,0.0,0.0,0.0,156.8,0.0,0.0
2,3,484280271.0,1832206992,A,3.0,9193.33333333,173.333333333,201.481481481,3448.0,0.0,0.0,0.0,0.0,0.0,109.011857708,2758.0,0.0,0.0,0.0,0.0,0.0,156.8,1.0,0.0
2,3,484280272.333,1832206992,A,3.0,9193.33333333,173.333333333,201.481481481,3448.0,0.0,0.0,0.0,0.0,0.0,109.011857708,2758.0,0.0,0.0,0.0,0.0,0.0,160.0,1.0,0.0
2,3,484280273.0,1832206992,A,3.0,9193.33333333,173.333333333,201.481481481,3448.0,0.0,0.0,0.0,0.0,0.0,109.011857708,2758.0,0.0,0.0,0.0,0.0,0.0,160.0,1.0,0.0
2,3,484280274.0,1832206992,A,3.0,9193.33333333,173.333333333,201.481481481,3448.0,0.0,0.0,0.0,0.0,0.0,109.011857708,2758.0,0.0,0.0,0.0,0.0,0.0,160.0,1.0,0.0
2,3,484280275.0,1832206992,A,3.0,9193.33333333,173.333333333,201.481481481,3448.0,0.0,0.0,0.0,0.0,0.0,109.011857708,2758.0,0.0,0.0,0.0,0.0,0.0,160.0,1.0,0.0
2,3,484280276.0,1832206992,A,3.0,9193.33333333,173.333333333,201.481481481,3448.0,0.0,0.0,0.0,0.0,0.0,109.011857708,2758.0,0.0,0.0,0.0,0.0,0.0,160.0,0.0,0.0
2,3,484280277.0,1832206992,A,3.0,9193.33333333,173.333333333,201.481481481,3448.0,0.0,0.0,0.0,0.0,0.0,109.011857708,2758.0,0.0,0.0,0.0,0.0,0.0,160.0,0.0,0.0
2,3,484280278.0,1832206992,A,3.0,9193.33333333,173.333333333,201.481481481,3448.0,0.0,0.0,0.0,0.0,0.0,109.011857708,2758.0,0.0,0.0,0.0,0.0,0.0,160.0,0.0,0.0
2,3,484280279.0,1832206992,A,3.0,9193.33333333,173.333333333,201.481481481,3448.0,0.0,0.0,0.0,0.0,0.0,109.011857708,2758.0,0.0,0.0,0.0,0.0,0.0,160.0,0.0,0.0
2,3,484280280.0,1832206992,A,3.0,9193.33333333,173.333333333,201.481481481,3448.0,0.0,0.0,0.0,0.0,0.0,109.011857708,2758.0,0.0,0.0,0.0,0.0,0.0,160.0,0.0,0.0
2,3,484280281.0,1832206992,A,3.0,9193.33333333,173.333333333,201.481481481,3448.0,0.0,0.0,0.0,0.0,0.0,109.011857708,2758.0,0.0,0.0,0.0,0.0,0.0,160.0,0.0,0.0
2,3,484280282.0,1832206992,A,3.0,9193.33333333,173.333333333,201.481481481,3448.0,0.0,0.0,0.0,0.0,0.0,109.011857708,2758.0,0.0,0.0,0.0,0.0,0.0,160.0,0.0,0.0
2,3,484280283.0,1832206992,A,3.0,9193.33333333,173.333333333,201.481481481,3448.0,0.0,0.0,0.0,0.0,0.0,109.011857708,2758.0,0.0,0.0,0.0,0.0,0.0,160.0,0.0,0.0
2,3,484280284.0,1832206992,A,3.0,9193.33333333,173.333333333,201.481481481,3448.0,0.0,0.0,0.0,0.0,0.0,109.011857708,2758.0,0.0,0.0,0.0,0.0,0.0,160.0,0.0,0.0
2,3,484280285.0,1832206992,A,3.0,9193.33333333,173.333333333,201.481481481,3448.0,0.0,0.0,0.0,0.0,0.0,109.011857708,2758.0,0.0,0.0,0.0,0.0,0.0,156.8,0.0,0.0
2,3,484280286.0,1832206992,A,3.0,9193.33333333,173.333333333,201.481481481,3448.0,0.0,0.0,0.0,0.0,0.0,109.011857708,2758.0,0.0,0.0,0.0,0.0,0.0,156.8,0.0,0.0
2,3,484280287.0,1832206992,A,3.0,9193.33333333,173.333333333,201.481481481,3448.0,0.0,0.0,0.0,0.0,0.0,109.011857708,2758.0,0.0,0.0,0.0,0.0,0.0,156.8,0.0,0.0
2,3,484280288.0,1832206992,A,3.0,9193.33333333,173.333333333,201.481481481,3448.0,0.0,0.0,0.0,0.0,0.0,109.011857708,2758.0,0.0,0.0,0.0,0.0,0.0,156.8,0.0,0.0
2,3,484280289.333,1832206992,A,3.0,9193.33333333,173.333333333,201.481481481,3448.0,0.0,0.0,0.0,0.0,0.0,109.011857708,2758.0,0.0,0.0,0.0,0.0,0.0,156.8,0.0,0.0
2,3,484280291.333,1832206992,A,3.0,9193.33333333,173.333333333,201.481481481,3448.0,0.0,0.0,0.0,0.0,0.0,109.011857708,2758.0,0.0,0.0,0.0,0.0,0.0,156.8,0.0,0.0
2,3,484280291.667,1832206992,A,3.0,9193.33333333,173.333333333,201.481481481,3448.0,0.0,0.0,0.0,0.0,0.0,109.011857708,2758.0,0.0,0.0,0.0,0.0,0.0,156.8,0.0,0.0
2,3,484280292.0,1832206992,A,3.0,9193.33333333,173.333333333,201.481481481,3448.0,0.0,0.0,0.0,0.0,0.0,109.011857708,2758.0,0.0,0.0,0.0,0.0,0.0,156.8,0.0,0.0
2,3,484280293.0,1832206992,A,3.0,9193.33333333,173.333333333,201.481481481,3448.0,0.0,0.0,0.0,0.0,0.0,109.011857708,2758.0,0.0,0.0,0.0,0.0,0.0,156.8,0.0,0.0
2,3,484280294.0,1832206992,A,3.0,9193.33333333,173.333333333,201.481481481,3448.0,0.0,0.0,0.0,0.0,0.0,109.011857708,2758.0,0.0,0.0,0.0,0.0,0.0,160.0,0.0,0.0
2,3,484280295.0,1832206992,A,3.0,9193.33333333,173.333333333,201.481481481,3448.0,0.0,0.0,0.0,0.0,0.0,109.011857708,2758.0,0.0,0.0,0.0,0.0,0.0,160.0,0.0,0.0
2,3,484280296.333,1832206992,A,3.0,9193.33333333,173.333333333,201.481481481,3448.0,0.0,0.0,0.0,0.0,0.0,109.011857708,2758.0,0.0,0.0,0.0,0.0,0.0,160.0,1.0,0.0
2,3,484280297.0,1832206992,A,3.0,9193.33333333,173.333333333,201.481481481,3448.0,0.0,0.0,0.0,0.0,0.0,109.011857708,2758.0,0.0,0.0,0.0,0.0,0.0,160.0,1.0,0.0
2,3,484280298.0,1832206992,A,3.0,9193.33333333,173.333333333,201.481481481,3448.0,0.0,0.0,0.0,0.0,0.0,109.011857708,2758.0,0.0,0.0,0.0,0.0,0.0,156.8,1.0,0.0
2,3,484280299.0,1832206992,A,3.0,9193.33333333,173.333333333,201.481481481,3448.0,0.0,0.0,0.0,0.0,0.0,109.011857708,2758.0,0.0,0.0,0.0,0.0,0.0,160.0,1.0,0.0
2,3,484280300.0,1832206992,A,3.0,9193.33333333,173.333333333,201.481481481,3448.0,0.0,0.0,0.0,0.0,0.0,109.011857708,2758.0,0.0,0.0,0.0,0.0,0.0,160.0,1.0,0.0
2,3,484280301.0,1832206992,A,3.0,9193.33333333,173.333333333,201.481481481,3448.0,0.0,0.0,0.0,0.0,0.0,109.011857708,2758.0,0.0,0.0,0.0,0.0,0.0,156.8,1.0,0.0
2,3,484280302.0,1832206992,A,3.0,9193.33333333,173.333333333,201.481481481,3448.0,0.0,0.0,0.0,0.0,0.0,109.011857708,2758.0,0.0,0.0,0.0,0.0,0.0,156.8,1.0,0.0
2,3,484280303.333,1832206992,A,3.0,9193.33333333,173.333333333,201.481481481,3448.0,0.0,0.0,0.0,0.0,0.0,109.011857708,2758.0,0.0,0.0,0.0,0.0,0.0,156.8,1.0,0.0
2,1,484280459.667,1832206996,A,1.0,9193.33333333,173.333333333,201.481481481,3448.0,0.0,0.0,0.0,0.0,0.0,109.011857708,2758.0,0.0,0.0,0.0,0.0,0.0,156.8,0.0,0.0
2,1,484280460.667,1832206996,A,1.0,9193.33333333,173.333333333,201.481481481,3448.0,0.0,0.0,0.0,0.0,0.0,109.011857708,2758.0,0.0,0.0,0.0,0.0,0.0,160.0,0.0,0.0
2,1,484280461.667,1832206996,A,1.0,9193.33333333,173.333333333,201.481481481,3448.0,0.0,0.0,0.0,0.0,0.0,109.011857708,2758.0,0.0,0.0,0.0,0.0,0.0,160.0,0.0,0.0
2,1,484280462.667,1832206996,A,1.0,9193.33333333,173.333333333,201.481481481,3448.0,0.0,0.0,0.0,0.0,0.0,109.011857708,2758.0,0.0,0.0,0.0,0.0,0.0,160.0,0.0,0.0
2,1,484280463.667,1832206996,A,1.0,9193.33333333,173.333333333,201.481481481,3448.0,0.0,0.0,0.0,0.0,0.0,109.011857708,2758.0,0.0,0.0,0.0,0.0,0.0,160.0,0.0,0.0
2,1,484280464.667,1832206996,A,1.0,9193.33333333,173.333333333,201.481481481,3448.0,0.0,0.0,0.0,0.0,0.0,109.011857708,2758.0,0.0,0.0,0.0,0.0,0.0,160.0,0.0,0.0
2,1,484280465.667,1832206996,A,1.0,9193.33333333,173.333333333,201.481481481,3448.0,0.0,0.0,0.0,0.0,0.0,109.011857708,2758.0,0.0,0.0,0.0,0.0,0.0,160.0,0.0,0.0
2,1,484280466.667,1832206996,A,1.0,9193.33333333,173.333333333,201.481481481,3448.0,0.0,0.0,0.0,0.0,0.0,109.011857708,2758.0,0.0,0.0,0.0,0.0,0.0,156.8,0.0,0.0
2,1,484280467.667,1832206996,A,1.0,9193.33333333,173.333333333,201.481481481,3448.0,0.0,0.0,0.0,0.0,0.0,109.011857708,2758.0,0.0,0.0,0.0,0.0,0.0,156.8,0.0,0.0
2,1,484280468.667,1832206996,A,1.0,9193.33333333,173.333333333,201.481481481,3448.0,0.0,0.0,0.0,0.0,0.0,109.011857708,2758.0,0.0,0.0,0.0,0.0,0.0,156.8,0.0,0.0
2,1,484280469.667,1832206996,A,1.0,9193.33333333,173.333333333,201.481481481,3448.0,0.0,0.0,0.0,0.0,0.0,109.011857708,2758.0,0.0,0.0,0.0,0.0,0.0,156.8,0.0,0.0
2,1,484280470.667,1832206996,A,1.0,9193.33333333,173.333333333,201.481481481,3448.0,0.0,0.0,0.0,0.0,0.0,109.011857708,2758.0,0.0,0.0,0.0,0.0,0.0,160.0,0.0,0.0
2,1,484280471.667,1832206996,A,1.0,9193.33333333,173.333333333,201.481481481,3448.0,0.0,0.0,0.0,0.0,0.0,109.011857708,2758.0,0.0,0.0,0.0,0.0,0.0,160.0,0.0,0.0
2,1,484280472.667,1832206996,A,1.0,9193.33333333,173.333333333,201.481481481,3448.0,0.0,0.0,0.0,0.0,0.0,109.011857708,2758.0,0.0,0.0,0.0,0.0,0.0,160.0,0.0,0.0
2,1,484280473.667,1832206996,A,1.0,9193.33333333,173.333333333,201.481481481,3448.0,0.0,0.0,0.0,0.0,0.0,109.011857708,2758.0,0.0,0.0,0.0,0.0,0.0,160.0,0.0,0.0
2,1,484280474.667,1832206996,A,1.0,9193.33333333,173.333333333,201.481481481,3448.0,0.0,0.0,0.0,0.0,0.0,109.011857708,2758.0,0.0,0.0,0.0,0.0,0.0,156.8,1.0,0.0
2,1,484280475.667,1832206996,A,1.0,9193.33333333,173.333333333,201.481481481,3448.0,0.0,0.0,0.0,0.0,0.0,109.011857708,2758.0,0.0,0.0,0.0,0.0,0.0,156.8,1.0,0.0
2,1,484280476.667,1832206996,A,1.0,9193.33333333,173.333333333,201.481481481,3448.0,0.0,0.0,0.0,0.0,0.0,109.011857708,2758.0,0.0,0.0,0.0,0.0,0.0,156.8,1.0,0.0
2,1,484280477.667,1832206996,A,1.0,9193.33333333,173.333333333,201.481481481,3448.0,0.0,0.0,0.0,0.0,0.0,109.011857708,2758.0,0.0,0.0,0.0,0.0,0.0,156.8,1.0,0.0
2,1,484280478.667,1832206996,A,1.0,9193.33333333,173.333333333,201.481481481,3448.0,0.0,0.0,0.0,0.0,0.0,109.011857708,2758.0,0.0,0.0,0.0,0.0,0.0,156.8,1.0,0.0
2,1,484280479.667,1832206996,A,1.0,9193.33333333,173.333333333,201.481481481,3448.0,0.0,0.0,0.0,0.0,0.0,109.011857708,2758.0,0.0,0.0,0.0,0.0,0.0,156.8,0.0,0.0
2,1,484280480.667,1832206996,A,1.0,9193.33333333,173.333333333,201.481481481,3448.0,0.0,0.0,0.0,0.0,0.0,109.011857708,2758.0,0.0,0.0,0.0,0.0,0.0,160.0,0.0,0.0
2,1,484280481.667,1832206996,A,1.0,9193.33333333,173.333333333,201.481481481,3448.0,0.0,0.0,0.0,0.0,0.0,109.011857708,2758.0,0.0,0.0,0.0,0.0,0.0,160.0,0.0,0.0
2,1,484280482.667,1832206996,A,1.0,9193.33333333,173.333333333,201.481481481,3448.0,0.0,0.0,0.0,0.0,0.0,109.011857708,2758.0,0.0,0.0,0.0,0.0,0.0,160.0,0.0,0.0
2,1,484280483.667,1832206996,A,1.0,9193.33333333,173.333333333,201.481481481,3448.0,0.0,0.0,0.0,0.0,0.0,109.011857708,2758.0,0.0,0.0,0.0,0.0,0.0,156.8,0.0,0.0
2,1,484280484.667,1832206996,A,1.0,9193.33333333,173.333333333,201.481481481,3448.0,0.0,0.0,0.0,0.0,0.0,109.011857708,2758.0,0.0,0.0,0.0,0.0,0.0,156.8,0.0,0.0
2,1,484280485.667,1832206996,A,1.0,9193.33333333,173.333333333,201.481481481,3448.0,0.0,0.0,0.0,0.0,0.0,109.011857708,2758.0,0.0,0.0,0.0,0.0,0.0,156.8,0.0,0.0
2,1,484280486.667,1832206996,A,1.0,9193.33333333,173.333333333,201.481481481,3448.0,0.0,0.0,0.0,0.0,0.0,109.011857708,2758.0,0.0,0.0,0.0,0.0,0.0,156.8,0.0,0.0
2,1,484280487.667,1832206996,A,1.0,9193.33333333,173.333333333,201.481481481,3448.0,0.0,0.0,0.0,0.0,0.0,109.011857708,2758.0,0.0,0.0,0.0,0.0,0.0,156.8,0.0,0.0
2,1,484280488.667,1832206996,A,1.0,9193.33333333,173.333333333,201.481481481,3448.0,0.0,0.0,0.0,0.0,0.0,109.011857708,2758.0,0.0,0.0,0.0,0.0,0.0,160.0,0.0,0.0
2,1,484280489.667,1832206996,A,1.0,9193.33333333,173.333333333,201.481481481,3448.0,0.0,0.0,0.0,0.0,0.0,109.011857708,2758.0,0.0,0.0,0.0,0.0,0.0,160.0,0.0,0.0
2,1,484280490.667,1832206996,A,1.0,9193.33333333,173.333333333,201.481481481,3448.0,0.0,0.0,0.0,0.0,0.0,109.011857708,2758.0,0.0,0.0,0.0,0.0,0.0,160.0,0.0,0.0
2,1,484280491.667,1832206996,A,1.0,9193.33333333,173.333333333,201.481481481,3448.0,0.0,0.0,0.0,0.0,0.0,109.011857708,2758.0,0.0,0.0,0.0,0.0,0.0,160.0,0.0,0.0
2,1,484280492.667,1832206996,A,1.0,9193.33333333,173.333333333,201.481481481,3448.0,0.0,0.0,0.0,0.0,0.0,109.011857708,2758.0,0.0,0.0,0.0,0.0,0.0,160.0,0.0,0.0
2,1,484280493.667,1832206996,A,1.0,9193.33333333,173.333333333,201.481481481,3448.0,0.0,0.0,0.0,0.0,0.0,109.011857708,2758.0,0.0,0.0,0.0,0.0,0.0,156.8,0.0,0.0
2,1,484280494.667,1832206996,A,1.0,9193.33333333,173.333333333,201.481481481,3448.0,0.0,0.0,0.0,0.0,0.0,109.011857708,2758.0,0.0,0.0,0.0,0.0,0.0,156.8,0.0,0.0
2,1,484280496.667,1832206996,A,1.0,9193.33333333,173.333333333,201.481481481,3448.0,0.0,0.0,0.0,0.0,0.0,109.011857708,2758.0,0.0,0.0,0.0,0.0,0.0,160.0,0.0,0.0
2,1,484280497.333,1832206996,A,1.0,9193.33333333,173.333333333,201.481481481,3448.0,0.0,0.0,0.0,0.0,0.0,109.011857708,2758.0,0.0,0.0,0.0,0.0,0.0,160.0,0.0,0.0
2,1,484280498.667,1832206996,A,1.0,9193.33333333,173.333333333,201.481481481,3448.0,0.0,0.0,0.0,0.0,0.0,109.011857708,2758.0,0.0,0.0,0.0,0.0,0.0,160.0,0.0,0.0
2,1,484280499.0,1832206996,A,1.0,9193.33333333,173.333333333,201.481481481,3448.0,0.0,0.0,0.0,0.0,0.0,109.011857708,2758.0,0.0,0.0,0.0,0.0,0.0,160.0,0.0,0.0
2,1,484280500.333,1832206996,A,1.0,9193.33333333,173.333333333,201.481481481,3448.0,0.0,0.0,0.0,0.0,0.0,109.011857708,2758.0,0.0,0.0,0.0,0.0,0.0,160.0,1.0,0.0
2,1,484280500.667,1832206996,A,1.0,9193.33333333,173.333333333,201.481481481,3448.0,0.0,0.0,0.0,0.0,0.0,109.011857708,2758.0,0.0,0.0,0.0,0.0,0.0,160.0,1.0,0.0
2,1,484280502.0,1832206996,A,1.0,9193.33333333,173.333333333,201.481481481,3448.0,0.0,0.0,0.0,0.0,0.0,109.011857708,2758.0,0.0,0.0,0.0,0.0,0.0,160.0,1.0,0.0
2,1,484280503.667,1832206996,A,1.0,9193.33333333,173.333333333,201.481481481,3448.0,0.0,0.0,0.0,0.0,0.0,109.011857708,2758.0,0.0,0.0,0.0,0.0,0.0,156.8,1.0,0.0
2,1,484280504.0,1832206996,A,1.0,9193.33333333,173.333333333,201.481481481,3448.0,0.0,0.0,0.0,0.0,0.0,109.011857708,2758.0,0.0,0.0,0.0,0.0,0.0,156.8,1.0,0.0
2,1,484280505.333,1832206996,A,1.0,9193.33333333,173.333333333,201.481481481,3448.0,0.0,0.0,0.0,0.0,0.0,109.011857708,2758.0,0.0,0.0,0.0,0.0,0.0,156.8,0.0,0.0
2,1,484280506.0,1832206996,A,1.0,9193.33333333,173.333333333,201.481481481,3448.0,0.0,0.0,0.0,0.0,0.0,109.011857708,2758.0,0.0,0.0,0.0,0.0,0.0,156.8,0.0,0.0
2,1,484280507.333,1832206996,A,1.0,9193.33333333,173.333333333,201.481481481,3448.0,0.0,0.0,0.0,0.0,0.0,109.011857708,2758.0,0.0,0.0,0.0,0.0,0.0,156.8,0.0,0.0
2,1,484280508.0,1832206996,A,1.0,9193.33333333,173.333333333,201.481481481,3448.0,0.0,0.0,0.0,0.0,0.0,109.011857708,2758.0,0.0,0.0,0.0,0.0,0.0,156.8,0.0,0.0
2,1,484280509.333,1832206996,A,1.0,9193.33333333,173.333333333,201.481481481,3448.0,0.0,0.0,0.0,0.0,0.0,109.011857708,2758.0,0.0,0.0,0.0,0.0,0.0,156.8,0.0,0.0
2,1,484280510.0,1832206996,A,1.0,9193.33333333,173.333333333,201.481481481,3448.0,0.0,0.0,0.0,0.0,0.0,109.011857708,2758.0,0.0,0.0,0.0,0.0,0.0,156.8,0.0,0.0
2,1,484280511.333,1832206996,A,1.0,9193.33333333,173.333333333,201.481481481,3448.0,0.0,0.0,0.0,0.0,0.0,109.011857708,2758.0,0.0,0.0,0.0,0.0,0.0,156.8,0.0,0.0
2,1,484280511.667,1832206996,A,1.0,9193.33333333,173.333333333,201.481481481,3448.0,0.0,0.0,0.0,0.0,0.0,109.011857708,2758.0,0.0,0.0,0.0,0.0,0.0,156.8,0.0,0.0
2,1,484280513.667,1832206996,A,1.0,9193.33333333,173.333333333,201.481481481,3448.0,0.0,0.0,0.0,0.0,0.0,109.011857708,2758.0,0.0,0.0,0.0,0.0,0.0,160.0,0.0,0.0
2,1,484280514.0,1832206996,A,1.0,9193.33333333,173.333333333,201.481481481,3448.0,0.0,0.0,0.0,0.0,0.0,109.011857708,2758.0,0.0,0.0,0.0,0.0,0.0,160.0,0.0,0.0
2,1,484280515.333,1832206996,A,1.0,9193.33333333,173.333333333,201.481481481,3448.0,0.0,0.0,0.0,0.0,0.0,109.011857708,2758.0,0.0,0.0,0.0,0.0,0.0,160.0,0.0,0.0
2,1,484280515.667,1832206996,A,1.0,9193.33333333,173.333333333,201.481481481,3448.0,0.0,0.0,0.0,0.0,0.0,109.011857708,2758.0,0.0,0.0,0.0,0.0,0.0,160.0,0.0,0.0
2,1,484280517.0,1832206996,A,1.0,9193.33333333,173.333333333,201.481481481,3448.0,0.0,0.0,0.0,0.0,0.0,109.011857708,2758.0,0.0,0.0,0.0,0.0,0.0,160.0,0.0,0.0
2,1,484280518.667,1832206996,A,1.0,9193.33333333,173.333333333,201.481481481,3448.0,0.0,0.0,0.0,0.0,0.0,109.011857708,2758.0,0.0,0.0,0.0,0.0,0.0,156.8,0.0,0.0
2,1,484280519.0,1832206996,A,1.0,9193.33333333,173.333333333,201.481481481,3448.0,0.0,0.0,0.0,0.0,0.0,109.011857708,2758.0,0.0,0.0,0.0,0.0,0.0,156.8,0.0,0.0
2,1,484280524.0,1832206996,A,1.0,9193.33333333,173.333333333,201.481481481,3448.0,0.0,0.0,0.0,0.0,0.0,109.011857708,2758.0,0.0,0.0,0.0,0.0,0.0,156.8,0.0,0.0
2,1,484280525.667,1832206996,A,1.0,9193.33333333,173.333333333,201.481481481,3448.0,0.0,0.0,0.0,0.0,0.0,109.011857708,2758.0,0.0,0.0,0.0,0.0,0.0,156.8,1.0,0.0
2,1,484280530.667,1832206996,A,1.0,9193.33333333,173.333333333,201.481481481,3448.0,0.0,0.0,0.0,0.0,0.0,109.011857708,2758.0,0.0,0.0,0.0,0.0,0.0,160.0,0.0,0.0
2,1,484280532.667,1832206996,A,1.0,9193.33333333,173.333333333,201.481481481,3448.0,0.0,0.0,0.0,0.0,0.0,109.011857708,2758.0,0.0,0.0,0.0,0.0,0.0,156.8,0.0,0.0
2,1,484280537.667,1832206996,A,1.0,9193.33333333,173.333333333,201.481481481,3448.0,0.0,0.0,0.0,0.0,0.0,109.011857708,2758.0,0.0,0.0,0.0,0.0,0.0,156.8,0.0,0.0
2,1,484280539.333,1832206996,A,1.0,9193.33333333,173.333333333,201.481481481,3448.0,0.0,0.0,0.0,0.0,0.0,109.011857708,2758.0,0.0,0.0,0.0,0.0,0.0,156.8,0.0,0.0
2,1,484280541.0,1832206996,A,1.0,9193.33333333,173.333333333,201.481481481,3448.0,0.0,0.0,0.0,0.0,0.0,109.011857708,2758.0,0.0,0.0,0.0,0.0,0.0,160.0,0.0,0.0
2,1,484280541.333,1832206996,A,1.0,9193.33333333,173.333333333,201.481481481,3448.0,0.0,0.0,0.0,0.0,0.0,109.011857708,2758.0,0.0,0.0,0.0,0.0,0.0,160.0,0.0,0.0
2,1,484280541.667,1832206996,A,1.0,9193.33333333,173.333333333,201.481481481,3448.0,0.0,0.0,0.0,0.0,0.0,109.011857708,2758.0,0.0,0.0,0.0,0.0,0.0,156.8,0.0,0.0
2,1,484280542.0,1832206996,A,1.0,9193.33333333,173.333333333,201.481481481,3448.0,0.0,0.0,0.0,0.0,0.0,109.011857708,2758.0,0.0,0.0,0.0,0.0,0.0,156.8,0.0,0.0
2,1,484280542.333,1832206996,A,1.0,9193.33333333,173.333333333,201.481481481,3448.0,0.0,0.0,0.0,0.0,0.0,109.011857708,2758.0,0.0,0.0,0.0,0.0,0.0,156.8,0.0,0.0
2,1,484280542.667,1832206996,A,1.0,9193.33333333,173.333333333,201.481481481,3448.0,0.0,0.0,0.0,0.0,0.0,109.011857708,2758.0,0.0,0.0,0.0,0.0,0.0,160.0,0.0,0.0
2,1,484280543.0,1832206996,A,1.0,9193.33333333,173.333333333,201.481481481,3448.0,0.0,0.0,0.0,0.0,0.0,109.011857708,2758.0,0.0,0.0,0.0,0.0,0.0,160.0,0.0,0.0
2,1,484280543.667,1832206996,A,1.0,9193.33333333,173.333333333,201.481481481,3448.0,0.0,0.0,0.0,0.0,0.0,109.011857708,2758.0,0.0,0.0,0.0,0.0,0.0,160.0,0.0,0.0
2,1,484280544.0,1832206996,A,1.0,9193.33333333,173.333333333,201.481481481,3448.0,0.0,0.0,0.0,0.0,0.0,109.011857708,2758.0,0.0,0.0,0.0,0.0,0.0,160.0,0.0,0.0
2,1,484280544.333,1832206996,A,1.0,9193.33333333,173.333333333,201.481481481,3448.0,0.0,0.0,0.0,0.0,0.0,109.011857708,2758.0,0.0,0.0,0.0,0.0,0.0,160.0,0.0,0.0
2,1,484280545.667,1832206996,A,1.0,9193.33333333,173.333333333,201.481481481,3448.0,0.0,0.0,0.0,0.0,0.0,109.011857708,2758.0,0.0,0.0,0.0,0.0,0.0,160.0,0.0,0.0
2,1,484280546.0,1832206996,A,1.0,9193.33333333,173.333333333,201.481481481,3448.0,0.0,0.0,0.0,0.0,0.0,109.011857708,2758.0,0.0,0.0,0.0,0.0,0.0,160.0,0.0,0.0
2,1,484280546.667,1832206996,A,1.0,9193.33333333,173.333333333,201.481481481,3448.0,0.0,0.0,0.0,0.0,0.0,109.011857708,2758.0,0.0,0.0,0.0,0.0,0.0,160.0,0.0,0.0
2,1,484280547.0,1832206996,A,1.0,9193.33333333,173.333333333,201.481481481,3448.0,0.0,0.0,0.0,0.0,0.0,109.011857708,2758.0,0.0,0.0,0.0,0.0,0.0,160.0,0.0,0.0
2,1,484280547.333,1832206996,A,1.0,9193.33333333,173.333333333,201.481481481,3448.0,0.0,0.0,0.0,0.0,0.0,109.011857708,2758.0,0.0,0.0,0.0,0.0,0.0,160.0,0.0,0.0
2,1,484280547.667,1832206996,A,1.0,9193.33333333,173.333333333,201.481481481,3448.0,0.0,0.0,0.0,0.0,0.0,109.011857708,2758.0,0.0,0.0,0.0,0.0,0.0,156.8,0.0,0.0
2,1,484280548.0,1832206996,A,1.0,9193.33333333,173.333333333,201.481481481,3448.0,0.0,0.0,0.0,0.0,0.0,109.011857708,2758.0,0.0,0.0,0.0,0.0,0.0,156.8,0.0,0.0
2,1,484280548.667,1832206996,A,1.0,9193.33333333,173.333333333,201.481481481,3448.0,0.0,0.0,0.0,0.0,0.0,109.011857708,2758.0,2.22222222222,0.909090909091,627.2,0.0,0.0,156.8,0.0,0.0
2,1,484280550.333,1832206996,A,1.0,9193.33333333,173.333333333,201.481481481,3448.0,0.0,0.0,0.0,0.0,0.0,109.011857708,2758.0,2.22222222222,0.909090909091,400.4,0.0,0.0,156.8,0.0,0.0
2,1,484280550.667,1832206996,A,1.0,9193.33333333,173.333333333,201.481481481,3448.0,0.0,0.0,0.0,0.0,0.0,109.011857708,2758.0,2.22222222222,0.909090909091,400.4,0.0,0.0,156.8,0.0,0.0
2,1,484280551.0,1832206996,A,1.0,9193.33333333,173.333333333,201.481481481,3448.0,0.0,0.0,0.0,0.0,0.0,109.011857708,2758.0,2.22222222222,0.909090909091,322.0,0.0,0.0,160.0,1.0,0.0
2,1,484280551.667,1832206996,A,1.0,9193.33333333,173.333333333,201.481481481,3448.0,0.0,0.0,0.0,0.0,0.0,109.011857708,2758.0,2.22222222222,0.909090909091,285.6,0.0,0.0,160.0,1.0,0.0
2,1,484280552.667,1832206996,A,1.0,9193.33333333,173.333333333,201.481481481,3448.0,0.0,0.0,0.0,0.0,0.0,109.011857708,2758.0,2.22222222222,0.909090909091,207.2,0.0,0.0,160.0,1.0,0.0
2,1,484280553.0,1832206996,A,1.0,9193.33333333,173.333333333,201.481481481,3448.0,0.0,0.0,0.0,0.0,0.0,109.011857708,2758.0,2.22222222222,0.909090909091,182.0,0.0,0.0,160.0,1.0,0.0
2,1,484280553.333,1832206996,A,1.0,9193.33333333,173.333333333,201.481481481,3448.0,0.0,0.0,0.0,0.0,0.0,109.011857708,2758.0,2.22222222222,0.909090909091,142.8,0.0,0.0,160.0,1.0,0.0
2,1,484280555.0,1832206996,A,1.0,9193.33333333,173.333333333,201.481481481,3448.25,0.0,0.0,0.0,0.0,0.0,109.011857708,2758.0,2.22222222222,0.909090909091,92.4,0.0,0.0,160.0,1.0,0.0
2,1,484280555.333,1832206996,A,1.0,9193.33333333,173.333333333,201.481481481,3448.25,0.0,0.0,0.0,0.0,0.0,109.011857708,2758.0,2.22222222222,0.909090909091,81.2,0.0,0.0,160.0,1.0,0.0
2,1,484280555.667,1832206996,A,1.0,9193.33333333,173.333333333,201.481481481,3448.25,0.0,0.0,0.0,0.0,0.0,109.011857708,2758.0,2.22222222222,0.909090909091,64.4,0.0,0.0,160.0,1.0,0.0
2,1,484280556.667,1832206996,A,1.0,9193.33333333,173.333333333,201.481481481,3448.25,0.0,0.0,0.0,0.0,0.0,109.011857708,2758.0,2.22222222222,0.909090909091,50.4,0.0,0.0,160.0,1.0,0.0
2,1,484280557.0,1832206996,A,1.0,9193.33333333,173.333333333,201.481481481,3448.25,0.0,0.0,0.0,0.0,0.0,109.011857708,2758.0,2.22222222222,0.909090909091,42.0,0.0,0.0,160.0,1.0,0.0
2,1,484280562.667,1832206996,A,1.0,9193.33333333,173.333333333,201.481481481,3448.25,0.0,0.0,0.0,0.0,0.0,109.011857708,2758.0,2.22222222222,0.909090909091,302.4,0.0,0.0,160.0,0.0,0.0
2,1,484280563.667,1832206996,A,1.0,9193.33333333,173.333333333,201.481481481,3448.25,0.0,0.0,0.0,4917.9,0.0,109.011857708,2758.0,2.22222222222,0.909090909091,333.2,0.0,0.0,160.0,0.0,0.0
2,1,484280564.0,1832206996,A,1.0,9193.33333333,173.333333333,201.481481481,3448.25,27.619047619,0.0,0.0,3393.0,0.0,109.011857708,2758.0,2.22222222222,0.909090909091,347.2,0.0,0.0,160.0,0.0,0.0
2,1,484280564.333,1832206996,A,1.0,9193.33333333,173.333333333,201.481481481,3448.25,27.619047619,0.0,0.0,2421.9,0.0,109.011857708,2758.0,2.22222222222,0.909090909091,350.0,0.0,0.0,160.0,0.0,0.0
2,1,484280564.667,1832206996,A,1.0,9193.33333333,173.333333333,201.481481481,3448.25,38.0952380952,0.0,0.0,2421.9,0.0,109.011857708,2758.0,2.22222222222,0.909090909091,358.4,0.0,0.0,156.8,0.0,0.0
2,1,484280565.0,1832206996,A,1.0,9193.33333333,173.333333333,201.481481481,3448.25,38.0952380952,0.0,0.0,2425.8,0.0,109.011857708,2758.0,2.22222222222,0.909090909091,364.0,0.0,0.0,156.8,0.0,0.0
2,1,484280565.333,1832206996,A,1.0,9193.33333333,173.333333333,201.481481481,3448.25,38.0952380952,0.0,0.0,2421.9,0.0,109.011857708,2758.0,2.22222222222,0.909090909091,366.8,0.0,0.0,156.8,0.0,0.0
2,1,484280566.0,1832206996,A,1.0,9193.33333333,173.333333333,201.481481481,3448.25,38.0952380952,0.0,0.0,3451.5,1.0,109.011857708,2758.0,2.22222222222,0.909090909091,375.2,0.0,0.0,160.0,0.0,0.30303030303
2,1,484280566.333,1832206996,A,1.0,9193.33333333,173.333333333,201.481481481,3448.25,38.0952380952,57.6,15.3125,2628.6,3.36363636364,109.011857708,2758.0,2.22222222222,0.909090909091,380.8,0.0,0.0,160.0,0.0,15.7575757576
2,1,484280566.667,1832206996,A,1.0,9193.33333333,173.333333333,201.481481481,3448.25,38.0952380952,118.8,31.25,2336.1,4.63636363636,109.011857708,2758.0,2.22222222222,0.909090909091,383.6,0.0,0.0,160.0,0.0,23.3333333333
2,1,484280567.0,1832206996,A,1.0,9193.33333333,173.333333333,201.481481481,3448.25,38.0952380952,118.8,31.5625,2332.2,4.54545454545,109.011857708,2758.0,2.22222222222,0.909090909091,386.4,0.0,0.0,156.8,0.0,30.303030303
2,1,484280567.333,1832206996,A,1.0,9193.33333333,173.333333333,201.481481481,3448.25,38.0952380952,118.8,31.5625,2328.3,4.54545454545,109.011857708,2758.0,2.22222222222,0.909090909091,389.2,0.0,0.0,156.8,0.0,30.303030303
2,1,484280567.667,1832206996,A,1.0,9193.33333333,173.333333333,201.481481481,3448.25,38.0952380952,118.8,31.5625,2328.3,4.54545454545,109.011857708,2758.0,2.22222222222,0.909090909091,389.2,0.0,0.0,156.8,0.0,30.6060606061
2,1,484280568.667,1832206996,A,1.0,9193.33333333,173.333333333,201.481481481,3448.25,38.0952380952,118.8,31.25,2328.3,4.59090909091,109.011857708,2758.0,2.22222222222,0.909090909091,394.8,0.0,0.0,156.8,0.0,30.303030303
2,1,484280569.667,1832206996,A,1.0,9193.33333333,173.333333333,201.481481481,3448.25,38.0952380952,120.0,31.5625,2332.2,4.59090909091,109.011857708,2758.0,2.22222222222,0.909090909091,400.4,0.0,0.0,156.8,0.0,30.303030303
2,1,484280570.667,1832206996,A,1.0,9193.33333333,173.333333333,201.481481481,3448.25,38.0952380952,118.8,31.5625,2332.2,4.54545454545,109.011857708,2758.0,2.22222222222,0.909090909091,406.0,0.0,0.0,156.8,0.0,30.6060606061
2,1,484280571.667,1832206996,A,1.0,9193.33333333,173.333333333,201.481481481,3448.25,38.0952380952,118.8,31.5625,2324.4,4.59090909091,109.011857708,2758.0,2.22222222222,0.909090909091,408.8,0.0,0.0,156.8,0.0,30.6060606061
2,1,484280573.0,1832206996,A,1.0,9193.33333333,173.333333333,201.481481481,3448.25,38.0952380952,118.8,31.5625,2328.3,4.54545454545,109.011857708,2758.0,2.22222222222,0.909090909091,414.4,0.0,0.0,156.8,0.0,30.303030303
2,1,484280573.667,1832206996,A,1.0,9193.33333333,173.333333333,201.481481481,3448.25,38.5714285714,118.8,31.5625,2328.3,4.54545454545,109.011857708,2758.0,2.22222222222,0.909090909091,414.4,0.0,0.0,156.8,0.0,30.303030303
2,1,484280574.667,1832206996,A,1.0,9193.33333333,173.333333333,201.481481481,3448.25,38.0952380952,118.8,31.5625,2324.4,4.54545454545,109.011857708,2758.0,2.22222222222,0.909090909091,414.4,0.0,0.0,156.8,0.0,30.6060606061
2,1,484280575.667,1832206996,A,1.0,9193.33333333,173.333333333,201.481481481,3448.25,38.0952380952,118.8,31.5625,2328.3,4.54545454545,109.011857708,2758.0,2.22222222222,0.909090909091,414.4,0.0,0.0,156.8,0.0,30.6060606061
2,1,484280578.0,1832206996,A,1.0,9194.16666667,173.333333333,201.481481481,3448.25,38.0952380952,118.8,31.5625,2328.3,4.59090909091,109.02173913,2758.25,2.22222222222,0.909090909091,417.2,0.0,0.0,160.0,0.0,30.303030303
2,1,484280578.333,1832206996,A,1.0,9194.16666667,173.333333333,201.481481481,3448.25,38.0952380952,118.8,31.5625,2328.3,4.59090909091,109.02173913,2758.25,2.22222222222,0.909090909091,417.2,0.0,0.0,160.0,0.0,30.303030303
2,1,484280578.667,1832206996,A,1.0,9194.16666667,173.333333333,201.481481481,3448.25,38.0952380952,118.8,31.5625,2324.4,4.59090909091,109.02173913,2758.25,2.22222222222,0.909090909091,420.0,0.0,0.0,160.0,0.0,30.303030303
2,1,484280579.667,1832206996,A,1.0,9194.16666667,173.333333333,201.481481481,3448.25,38.0952380952,118.8,31.5625,2320.5,4.59090909091,109.02173913,2758.25,2.22222222222,0.909090909091,420.0,0.0,0.0,156.8,0.0,30.6060606061
2,1,484280580.667,1832206996,A,1.0,9194.16666667,173.333333333,201.481481481,3448.25,38.0952380952,118.8,31.5625,2328.3,4.54545454545,109.02173913,2758.25,2.22222222222,0.909090909091,420.0,0.0,0.0,156.8,0.0,30.303030303
2,1,484280581.667,1832206996,A,1.0,9194.16666667,173.333333333,201.481481481,3448.25,38.0952380952,118.8,31.5625,2324.4,4.59090909091,109.02173913,2758.25,2.22222222222,0.909090909091,422.8,0.0,0.0,156.8,0.0,30.303030303
2,1,484280582.667,1832206996,A,1.0,9194.16666667,173.333333333,201.481481481,3448.25,38.0952380952,118.8,31.5625,2324.4,4.59090909091,109.02173913,2758.25,2.22222222222,0.909090909091,420.0,0.0,0.0,160.0,0.0,30.6060606061
2,1,484280583.667,1832206996,A,1.0,9194.16666667,173.333333333,202.222222222,3448.25,38.0952380952,118.8,31.5625,2328.3,4.54545454545,109.02173913,2758.25,2.22222222222,0.909090909091,422.8,0.0,0.0,160.0,0.0,30.303030303
2,1,484280584.667,1832206996,A,1.0,9194.16666667,173.333333333,202.222222222,3448.25,38.0952380952,118.8,31.5625,2328.3,4.54545454545,109.02173913,2758.25,2.22222222222,0.909090909091,425.6,0.0,0.0,160.0,0.0,30.303030303
2,1,484280585.667,1832206996,A,1.0,9194.16666667,173.333333333,202.222222222,3448.25,38.0952380952,118.8,31.5625,2328.3,4.59090909091,109.02173913,2758.25,2.22222222222,0.909090909091,425.6,0.0,0.0,160.0,0.0,30.303030303
2,1,484280586.667,1832206996,A,1.0,9194.16666667,173.333333333,202.222222222,3448.25,38.0952380952,118.8,31.5625,2324.4,4.59090909091,109.02173913,2758.25,2.22222222222,0.909090909091,425.6,0.0,0.0,160.0,0.0,30.6060606061
2,1,484280587.667,1832206996,A,1.0,9194.16666667,173.333333333,202.222222222,3448.25,38.0952380952,118.8,31.5625,2328.3,4.59090909091,109.02173913,2758.25,2.22222222222,0.909090909091,425.6,0.0,0.0,160.0,0.0,30.6060606061
2,1,484280588.667,1832206996,A,1.0,9194.16666667,173.333333333,202.222222222,3448.25,38.0952380952,118.8,31.5625,2328.3,4.59090909091,109.02173913,2758.25,2.22222222222,0.909090909091,425.6,0.0,0.0,160.0,0.0,30.303030303
2,1,484280589.667,1832206996,A,1.0,9194.16666667,173.333333333,202.222222222,3448.25,38.0952380952,118.8,31.5625,2328.3,4.54545454545,109.02173913,2758.25,2.22222222222,0.909090909091,425.6,0.0,0.0,160.0,0.0,30.6060606061
2,1,484280590.667,1832206996,A,1.0,9194.16666667,173.333333333,202.222222222,3448.25,38.0952380952,120.0,31.5625,2328.3,4.54545454545,109.02173913,2758.25,2.22222222222,0.909090909091,425.6,0.0,0.0,160.0,0.0,30.303030303
2,1,484280591.667,1832206996,A,1.0,9194.16666667,173.333333333,202.222222222,3448.25,38.0952380952,118.8,31.5625,2328.3,4.54545454545,109.02173913,2758.25,2.22222222222,0.909090909091,428.4,0.0,0.0,160.0,0.0,30.6060606061
2,1,484280592.667,1832206996,A,1.0,9194.16666667,173.333333333,202.222222222,3448.25,38.0952380952,120.0,31.5625,2328.3,4.59090909091,109.02173913,2758.25,2.22222222222,0.909090909091,428.4,0.0,0.0,156.8,0.0,30.6060606061
2,1,484280593.667,1832206996,A,1.0,9194.16666667,173.333333333,202.222222222,3448.25,38.5714285714,118.8,31.5625,2332.2,4.54545454545,109.02173913,2758.25,2.22222222222,0.909090909091,428.4,0.0,0.0,156.8,0.0,30.303030303
2,1,484280594.667,1832206996,A,1.0,9194.16666667,173.333333333,202.222222222,3448.25,38.0952380952,118.8,31.5625,2332.2,4.59090909091,109.02173913,2758.25,2.22222222222,0.909090909091,428.4,0.0,0.0,156.8,0.0,30.6060606061
2,1,484280595.667,1832206996,A,1.0,9194.16666667,173.333333333,202.222222222,3448.25,38.0952380952,120.0,31.5625,2328.3,4.54545454545,109.02173913,2758.25,2.22222222222,0.909090909091,431.2,0.0,0.0,156.8,0.0,30.6060606061
2,1,484280596.667,1832206996,A,1.0,9195.0,173.333333333,202.222222222,3448.25,38.0952380952,118.8,31.5625,2328.3,4.59090909091,109.031620553,2758.5,2.22222222222,0.909090909091,431.2,0.0,0.0,160.0,0.0,30.6060606061
2,1,484280597.667,1832206996,A,1.0,9195.0,173.333333333,202.222222222,3448.25,38.0952380952,120.0,31.5625,2332.2,4.59090909091,109.031620553,2758.5,2.22222222222,0.909090909091,434.0,0.0,0.0,160.0,0.0,30.303030303
2,1,484280598.667,1832206996,A,1.0,9195.0,173.333333333,202.222222222,3448.25,38.5714285714,118.8,31.5625,2336.1,4.59090909091,109.031620553,2758.5,2.22222222222,0.909090909091,434.0,0.0,0.0,160.0,0.0,30.303030303
2,1,484280599.667,1832206996,A,1.0,9195.0,173.333333333,202.222222222,3448.25,38.0952380952,118.8,31.5625,2332.2,4.54545454545,109.031620553,2758.5,2.22222222222,0.909090909091,431.2,0.0,0.0,160.0,0.0,30.303030303
2,1,484280600.667,1832206996,A,1.0,9195.0,173.333333333,202.222222222,3448.25,38.0952380952,118.8,31.5625,2328.3,4.59090909091,109.031620553,2758.5,2.22222222222,0.909090909091,434.0,0.0,0.0,160.0,0.0,30.303030303
2,2,484280618.667,1832206996,A,2.0,9195.83333333,173.333333333,202.962962963,3448.25,45.7142857143,0.0,0.0,7971.6,0.0,109.041501976,2758.75,2.22222222222,0.909090909091,19.6,0.0,0.0,156.8,1.0,0.0
2,2,484280619.333,1832206996,A,2.0,9195.83333333,173.333333333,202.962962963,3448.25,33.8095238095,0.0,0.0,6360.9,0.0,109.041501976,2758.75,2.22222222222,0.909090909091,0.0,0.0,0.0,156.8,1.0,0.0
2,2,484280619.667,1832206996,A,2.0,9195.83333333,173.333333333,202.962962963,3448.25,20.4761904762,0.0,0.0,0.0,0.0,109.041501976,2758.75,2.22222222222,0.909090909091,0.0,0.0,0.0,156.8,1.0,0.0
2,2,484280621.0,1832206996,A,2.0,9195.83333333,173.333333333,202.962962963,3448.25,45.2380952381,0.0,0.0,0.0,0.0,109.041501976,2758.75,2.22222222222,0.909090909091,0.0,0.0,0.0,156.8,1.0,0.0
2,2,484280621.667,1832206996,A,2.0,9195.83333333,173.333333333,202.962962963,3448.25,0.0,0.0,0.0,0.0,0.0,109.041501976,2758.75,2.22222222222,0.909090909091,0.0,0.0,0.0,156.8,1.0,0.0
2,2,484280622.667,1832206996,A,2.0,9195.83333333,173.333333333,202.962962963,3448.25,0.0,0.0,0.0,0.0,0.0,109.041501976,2758.75,2.22222222222,0.909090909091,0.0,0.0,0.0,156.8,1.0,0.0
2,2,484280623.667,1832206996,A,2.0,9195.83333333,173.333333333,202.962962963,3448.25,0.0,0.0,0.0,0.0,0.0,109.041501976,2758.75,2.22222222222,0.909090909091,0.0,0.0,0.0,156.8,1.0,0.0
2,2,484280624.667,1832206996,A,2.0,9195.83333333,173.333333333,202.962962963,3448.25,0.0,0.0,0.0,0.0,0.0,109.041501976,2758.75,2.22222222222,0.909090909091,0.0,0.0,0.0,156.8,1.0,0.0
2,2,484280625.667,1832206996,A,2.0,9195.83333333,173.333333333,202.962962963,3448.25,0.0,0.0,0.0,0.0,0.0,109.041501976,2758.75,2.22222222222,0.909090909091,0.0,0.0,0.0,160.0,1.0,0.0
2,2,484280626.667,1832206996,A,2.0,9195.83333333,173.333333333,202.962962963,3448.25,0.0,0.0,0.0,0.0,0.0,109.041501976,2758.75,2.22222222222,0.909090909091,0.0,0.0,0.0,160.0,1.0,0.0
2,2,484280627.667,1832206996,A,2.0,9195.83333333,173.333333333,202.962962963,3448.25,0.0,0.0,0.0,0.0,5.63636363636,109.041501976,2758.75,2.22222222222,0.909090909091,0.0,0.0,0.0,160.0,1.0,0.0
2,2,484280628.667,1832206996,A,2.0,9195.83333333,173.333333333,202.962962963,3448.25,0.0,0.0,0.0,0.0,0.0,109.041501976,2758.75,2.22222222222,0.909090909091,0.0,0.0,0.0,160.0,1.0,0.0
2,2,484280630.0,1832206996,A,2.0,9195.83333333,173.333333333,202.962962963,3448.25,0.0,0.0,0.0,0.0,0.0,109.041501976,2758.75,2.22222222222,0.909090909091,0.0,0.0,0.0,160.0,1.0,0.0
2,2,484280630.667,1832206996,A,2.0,9195.83333333,173.333333333,202.962962963,3448.25,0.0,0.0,0.0,0.0,0.0,109.041501976,2758.75,2.22222222222,0.909090909091,0.0,0.0,0.0,160.0,1.0,0.0
2,2,484280631.667,1832206996,A,2.0,9195.83333333,173.333333333,202.962962963,3448.25,0.0,0.0,0.0,0.0,0.0,109.041501976,2758.75,2.22222222222,0.909090909091,0.0,0.0,0.0,160.0,1.0,0.0
2,2,484280632.667,1832206996,A,2.0,9195.83333333,173.333333333,202.962962963,3448.25,0.0,0.0,0.0,0.0,0.0,109.041501976,2758.75,2.22222222222,0.909090909091,0.0,0.0,0.0,160.0,1.0,0.0
2,2,484280633.667,1832206996,A,2.0,9195.83333333,173.333333333,202.962962963,3448.25,0.0,0.0,0.0,0.0,0.0,109.041501976,2758.75,2.22222222222,0.909090909091,0.0,0.0,0.0,156.8,1.0,0.0
2,2,484280634.667,1832206996,A,2.0,9195.83333333,173.333333333,202.962962963,3448.25,0.0,0.0,0.0,0.0,0.0,109.041501976,2758.75,2.22222222222,0.909090909091,0.0,0.0,0.0,156.8,1.0,0.0
2,2,484280635.667,1832206996,A,2.0,9195.83333333,173.333333333,202.962962963,3448.25,0.0,0.0,0.0,0.0,0.0,109.041501976,2758.75,2.22222222222,0.909090909091,0.0,0.0,0.0,156.8,1.0,0.0
2,2,484280636.667,1832206996,A,2.0,9195.83333333,173.333333333,202.962962963,3448.25,0.0,0.0,0.0,0.0,0.0,109.041501976,2758.75,2.22222222222,0.909090909091,0.0,0.0,0.0,156.8,1.0,0.0
2,2,484280637.667,1832206996,A,2.0,9195.83333333,173.333333333,202.962962963,3448.25,0.0,0.0,0.0,0.0,0.0,109.041501976,2758.75,2.22222222222,0.909090909091,0.0,0.0,0.0,156.8,1.0,0.0
2,2,484280638.667,1832206996,A,2.0,9195.83333333,173.333333333,202.962962963,3448.25,0.0,0.0,0.0,0.0,0.0,109.041501976,2758.75,2.22222222222,0.909090909091,0.0,0.0,0.0,156.8,1.0,0.0
2,2,484280639.667,1832206996,A,2.0,9195.83333333,173.333333333,202.962962963,3448.25,0.0,0.0,0.0,0.0,0.0,109.041501976,2758.75,2.22222222222,0.909090909091,0.0,0.0,0.0,156.8,1.0,0.0
2,2,484280640.667,1832206996,A,2.0,9195.83333333,173.333333333,202.962962963,3448.25,0.0,0.0,0.0,0.0,0.0,109.041501976,2758.75,2.22222222222,0.909090909091,0.0,0.0,0.0,156.8,0.0,0.0
2,2,484280641.667,1832206996,A,2.0,9195.83333333,173.333333333,202.962962963,3448.25,0.0,0.0,0.0,0.0,0.0,109.041501976,2758.75,2.22222222222,0.909090909091,112.0,0.0,0.0,156.8,0.0,0.0
2,2,484280642.667,1832206996,A,2.0,9195.83333333,173.333333333,202.962962963,3448.25,0.0,0.0,0.0,0.0,0.0,109.041501976,2758.75,2.22222222222,0.909090909091,221.2,0.0,0.0,156.8,0.0,0.0
2,2,484280643.667,1832206996,A,2.0,9195.83333333,173.333333333,202.962962963,3448.25,0.0,0.0,0.0,0.0,0.0,109.041501976,2758.75,2.22222222222,0.909090909091,296.8,0.0,0.0,156.8,0.0,0.0
2,2,484280644.667,1832206996,A,2.0,9195.83333333,173.333333333,202.962962963,3448.25,0.0,0.0,0.0,0.0,0.0,109.041501976,2758.75,2.22222222222,0.909090909091,347.2,0.0,0.0,156.8,0.0,0.0
2,2,484280645.667,1832206996,A,2.0,9195.83333333,173.333333333,202.962962963,3448.25,0.0,0.0,0.0,0.0,0.0,109.041501976,2758.75,2.22222222222,0.909090909091,392.0,0.0,0.0,156.8,0.0,0.0
2,2,484280646.667,1832206996,A,2.0,9195.83333333,173.333333333,202.962962963,3448.25,0.0,0.0,0.0,0.0,0.0,109.041501976,2758.75,2.22222222222,0.909090909091,417.2,0.0,0.0,160.0,0.0,0.0
2,2,484280647.667,1832206996,A,2.0,9195.83333333,173.333333333,202.962962963,3448.25,0.0,0.0,0.0,0.0,0.0,109.041501976,2758.75,2.22222222222,0.909090909091,439.6,0.0,0.0,160.0,0.0,0.0
2,2,484280648.667,1832206996,A,2.0,9195.83333333,173.333333333,202.962962963,3448.25,0.0,0.0,0.0,0.0,0.0,109.041501976,2758.75,2.22222222222,0.909090909091,456.4,0.0,0.0,160.0,0.0,0.0
2,2,484280649.667,1832206996,A,2.0,9195.83333333,173.333333333,202.962962963,3448.25,0.0,0.0,0.0,0.0,0.0,109.041501976,2758.75,2.22222222222,0.909090909091,467.6,0.0,0.0,160.0,0.0,0.0
2,2,484280650.667,1832206996,A,2.0,9195.83333333,173.333333333,202.962962963,3448.25,0.0,0.0,0.0,0.0,0.0,109.041501976,2758.75,2.22222222222,0.909090909091,400.4,0.0,0.0,160.0,0.0,0.0
2,2,484280651.667,1832206996,A,2.0,9195.83333333,173.333333333,202.962962963,3448.25,0.0,0.0,0.0,0.0,0.0,109.041501976,2758.75,2.22222222222,0.909090909091,288.4,0.0,0.0,160.0,0.0,0.0
2,2,484280652.667,1832206996,A,2.0,9195.83333333,173.333333333,202.962962963,3448.25,0.0,0.0,0.0,0.0,0.0,109.041501976,2758.75,2.22222222222,0.909090909091,193.2,0.0,0.0,156.8,0.0,0.0
2,2,484280653.667,1832206996,A,2.0,9195.83333333,173.333333333,202.962962963,3448.25,0.0,0.0,0.0,0.0,0.0,109.041501976,2758.75,0.0,0.0,0.0,0.0,0.0,156.8,0.0,0.0
2,2,484280654.667,1832206996,A,2.0,9195.83333333,173.333333333,202.962962963,3448.25,0.0,0.0,0.0,0.0,0.0,109.041501976,2758.75,2.22222222222,0.909090909091,112.0,8.60465116279,0.0,156.8,0.0,0.0
2,2,484280655.667,1832206996,A,2.0,9195.83333333,173.333333333,202.962962963,3448.25,0.0,0.0,0.0,0.0,0.0,109.041501976,2758.75,2.22222222222,0.909090909091,285.6,17.4418604651,0.0,156.8,0.0,0.0
2,2,484280656.667,1832206996,A,2.0,9195.83333333,173.333333333,202.962962963,3448.25,0.0,0.0,0.0,0.0,0.0,109.041501976,2758.75,2.22222222222,0.909090909091,386.4,17.4418604651,0.0,156.8,0.0,0.0
2,2,484280657.667,1832206996,A,2.0,9195.83333333,173.333333333,202.962962963,3448.25,0.0,0.0,0.0,0.0,0.0,109.041501976,2758.75,2.22222222222,0.909090909091,450.8,17.4418604651,0.0,156.8,0.0,0.0
2,2,484280659.667,1832206996,A,2.0,9195.83333333,173.333333333,202.962962963,3448.25,130.952380952,0.0,0.0,2445.3,0.0,109.041501976,2758.75,2.22222222222,0.909090909091,501.2,17.4418604651,0.0,160.0,0.0,0.0
2,2,484280660.333,1832206996,A,2.0,9195.83333333,173.333333333,202.962962963,3448.25,130.952380952,0.0,0.0,2449.2,0.0,109.041501976,2758.75,2.22222222222,0.909090909091,509.6,17.4418604651,0.0,160.0,0.0,0.0
2,2,484280660.667,1832206996,A,2.0,9195.83333333,173.333333333,202.962962963,3448.25,104.285714286,61.2,12.5,4106.7,2.36363636364,109.041501976,2758.75,2.22222222222,0.909090909091,520.8,17.2093023256,0.0,160.0,0.0,9.39393939394
2,2,484280661.667,1832206996,A,2.0,9195.83333333,173.333333333,202.962962963,3448.25,76.6666666667,262.8,53.4375,2531.1,9.59090909091,109.041501976,2758.75,2.22222222222,0.909090909091,532.0,17.2093023256,0.0,160.0,0.0,37.8787878788
2,2,484280662.667,1832206996,A,2.0,9195.83333333,173.333333333,202.962962963,3448.25,76.6666666667,264.0,53.4375,2535.0,9.59090909091,109.041501976,2758.75,2.22222222222,0.909090909091,543.2,26.0465116279,0.0,160.0,0.0,37.8787878788
2,2,484280663.667,1832206996,A,2.0,9195.83333333,173.333333333,202.962962963,3448.25,76.6666666667,262.8,53.4375,2542.8,9.59090909091,109.041501976,2758.75,2.22222222222,0.909090909091,551.6,34.6511627907,0.0,160.0,0.0,37.8787878788
2,2,484280664.667,1832206996,A,2.0,9195.83333333,173.333333333,202.962962963,3448.25,76.6666666667,262.8,53.4375,1875.9,9.59090909091,109.041501976,2758.75,2.22222222222,0.909090909091,557.2,34.6511627907,0.0,156.8,0.0,42.4242424242
2,2,484280665.667,1832206996,A,2.0,9195.83333333,173.333333333,203.703703704,3448.25,76.6666666667,262.8,53.4375,1552.2,9.54545454545,109.041501976,2758.75,2.22222222222,0.909090909091,562.8,34.6511627907,0.0,156.8,0.0,42.4242424242
2,2,484280666.667,1832206996,A,2.0,9195.83333333,173.333333333,203.703703704,3448.25,77.1428571429,264.0,53.4375,1552.2,9.59090909091,109.041501976,2758.75,2.22222222222,0.909090909091,565.6,34.8837209302,0.0,156.8,0.0,42.4242424242
2,2,484280667.667,1832206996,A,2.0,9195.83333333,173.333333333,203.703703704,3448.25,76.6666666667,264.0,53.4375,1552.2,9.54545454545,109.041501976,2758.75,2.22222222222,0.909090909091,571.2,34.8837209302,0.0,156.8,0.0,42.4242424242
2,2,484280668.667,1832206996,A,2.0,9195.83333333,173.333333333,203.703703704,3448.25,76.6666666667,262.8,53.4375,1548.3,9.59090909091,109.041501976,2758.75,2.22222222222,0.909090909091,571.2,34.8837209302,0.0,160.0,0.0,42.4242424242
2,2,484280669.667,1832206996,A,2.0,9195.83333333,173.333333333,203.703703704,3448.25,76.6666666667,262.8,53.4375,1556.1,9.59090909091,109.041501976,2758.75,2.22222222222,0.909090909091,571.2,34.8837209302,0.0,160.0,0.0,42.7272727273
2,2,484280670.667,1832206996,A,2.0,9195.83333333,173.333333333,203.703703704,3448.25,76.6666666667,264.0,53.4375,1548.3,9.59090909091,109.041501976,2758.75,2.22222222222,0.909090909091,574.0,34.8837209302,0.0,156.8,0.0,42.4242424242
2,2,484280672.0,1832206996,A,2.0,9195.83333333,173.333333333,203.703703704,3448.25,76.6666666667,264.0,53.4375,1552.2,9.59090909091,109.041501976,2758.75,2.22222222222,0.909090909091,576.8,34.8837209302,0.0,156.8,0.0,42.4242424242
2,2,484280672.667,1832206996,A,2.0,9195.83333333,173.333333333,203.703703704,3448.25,76.6666666667,262.8,53.4375,1552.2,9.59090909091,109.041501976,2758.75,2.22222222222,0.909090909091,576.8,34.8837209302,0.0,156.8,0.0,42.4242424242
2,2,484280674.0,1832206996,A,2.0,9195.83333333,173.333333333,203.703703704,3448.25,77.1428571429,262.8,53.4375,1552.2,9.59090909091,109.041501976,2758.75,2.22222222222,0.909090909091,579.6,34.8837209302,0.0,160.0,0.0,42.7272727273
2,3,484280676.667,1832206996,A,3.0,9195.83333333,173.333333333,203.703703704,3448.25,76.6666666667,264.0,53.4375,1552.2,9.54545454545,109.041501976,2758.75,2.22222222222,0.909090909091,582.4,34.8837209302,0.0,160.0,0.0,42.4242424242
2,3,484280677.667,1832206996,A,3.0,9195.83333333,173.333333333,203.703703704,3448.25,76.6666666667,264.0,53.4375,1552.2,9.59090909091,109.041501976,2758.75,2.22222222222,0.909090909091,579.6,34.6511627907,0.0,160.0,0.0,42.4242424242
2,3,484280678.667,1832206996,A,3.0,9196.66666667,173.333333333,203.703703704,3448.25,76.6666666667,262.8,53.4375,1552.2,9.59090909091,109.051383399,2759.0,2.22222222222,0.909090909091,582.4,34.8837209302,0.0,160.0,0.0,42.4242424242
2,3,484280679.667,1832206996,A,3.0,9196.66666667,173.333333333,203.703703704,3448.25,76.6666666667,262.8,53.4375,1556.1,9.59090909091,109.051383399,2759.0,2.22222222222,0.909090909091,582.4,34.8837209302,0.0,160.0,0.0,42.4242424242
2,3,484280680.667,1832206996,A,3.0,9196.66666667,173.333333333,203.703703704,3448.25,77.1428571429,264.0,53.4375,1556.1,9.54545454545,109.051383399,2759.0,2.22222222222,0.909090909091,582.4,34.8837209302,0.0,160.0,0.0,42.7272727273
2,3,484280681.667,1832206996,A,3.0,9196.66666667,173.333333333,203.703703704,3448.25,77.1428571429,264.0,53.4375,1552.2,9.59090909091,109.051383399,2759.0,2.22222222222,0.909090909091,585.2,34.8837209302,0.0,160.0,0.0,42.7272727273
2,3,484280682.667,1832206996,A,3.0,9196.66666667,173.333333333,203.703703704,3448.25,76.6666666667,264.0,53.4375,1552.2,9.59090909091,109.051383399,2759.0,2.22222222222,0.909090909091,582.4,34.8837209302,0.0,160.0,0.0,42.4242424242
2,3,484280683.667,1832206996,A,3.0,9196.66666667,173.333333333,203.703703704,3448.25,76.6666666667,264.0,53.4375,1552.2,9.59090909091,109.051383399,2759.0,2.22222222222,0.909090909091,585.2,34.8837209302,0.0,160.0,0.0,42.4242424242
2,3,484280684.667,1832206996,A,3.0,9196.66666667,173.333333333,203.703703704,3448.25,77.1428571429,264.0,53.4375,1552.2,9.59090909091,109.051383399,2759.0,2.22222222222,0.909090909091,585.2,34.8837209302,0.0,156.8,0.0,42.4242424242
2,3,484280685.667,1832206996,A,3.0,9196.66666667,173.333333333,204.444444444,3448.25,76.6666666667,264.0,53.4375,1552.2,9.59090909091,109.051383399,2759.0,2.22222222222,0.909090909091,585.2,34.8837209302,0.0,160.0,0.0,42.4242424242
2,3,484280686.667,1832206996,A,3.0,9196.66666667,173.333333333,204.444444444,3448.25,77.1428571429,264.0,53.4375,1552.2,9.54545454545,109.051383399,2759.0,2.22222222222,0.909090909091,585.2,34.8837209302,0.0,156.8,0.0,42.4242424242
2,3,484280687.667,1832206996,A,3.0,9196.66666667,173.333333333,204.444444444,3448.25,76.6666666667,264.0,53.4375,1548.3,9.59090909091,109.051383399,2759.0,2.22222222222,0.909090909091,585.2,34.8837209302,0.0,156.8,0.0,42.4242424242
2,3,484280689.0,1832206996,A,3.0,9196.66666667,173.333333333,204.444444444,3448.25,76.6666666667,264.0,53.4375,1552.2,9.59090909091,109.051383399,2759.0,2.22222222222,0.909090909091,585.2,34.8837209302,0.0,160.0,0.0,42.7272727273
2,3,484280689.667,1832206996,A,3.0,9196.66666667,173.333333333,204.444444444,3448.25,76.6666666667,264.0,53.4375,1548.3,9.54545454545,109.051383399,2759.0,2.22222222222,0.909090909091,588.0,34.8837209302,0.0,160.0,0.0,42.7272727273
2,3,484280690.667,1832206996,A,3.0,9196.66666667,173.333333333,204.444444444,3448.25,76.6666666667,262.8,53.4375,1556.1,9.59090909091,109.051383399,2759.0,2.22222222222,0.909090909091,588.0,34.6511627907,0.0,160.0,0.0,42.7272727273
2,3,484280691.667,1832206996,A,3.0,9196.66666667,173.333333333,204.444444444,3448.25,77.1428571429,264.0,53.4375,1556.1,9.59090909091,109.051383399,2759.0,2.22222222222,0.909090909091,588.0,34.8837209302,0.0,160.0,0.0,42.4242424242
2,3,484280693.0,1832206996,A,3.0,9196.66666667,173.333333333,204.444444444,3448.25,76.6666666667,264.0,53.4375,1548.3,9.59090909091,109.051383399,2759.0,2.22222222222,0.909090909091,588.0,34.6511627907,0.0,156.8,0.0,42.4242424242
2,3,484280693.667,1832206996,A,3.0,9196.66666667,173.333333333,204.444444444,3448.25,77.1428571429,264.0,53.4375,1552.2,9.59090909091,109.051383399,2759.0,2.22222222222,0.909090909091,588.0,34.6511627907,0.0,156.8,0.0,42.7272727273
2,3,484280694.667,1832206996,A,3.0,9196.66666667,173.333333333,204.444444444,3448.25,77.1428571429,264.0,53.4375,1552.2,9.59090909091,109.051383399,2759.0,2.22222222222,0.909090909091,588.0,34.6511627907,0.0,160.0,0.0,42.4242424242
2,3,484280695.667,1832206996,A,3.0,9196.66666667,173.333333333,204.444444444,3448.25,77.1428571429,264.0,53.4375,1556.1,9.54545454545,109.051383399,2759.0,2.22222222222,0.909090909091,588.0,34.8837209302,0.0,160.0,0.0,42.7272727273
2,3,484280696.667,1832206996,A,3.0,9196.66666667,173.333333333,204.444444444,3448.25,76.6666666667,264.0,53.4375,1552.2,9.59090909091,109.051383399,2759.0,2.22222222222,0.909090909091,590.8,34.6511627907,0.0,160.0,0.0,42.7272727273
2,3,484280697.667,1832206996,A,3.0,9197.5,173.333333333,204.444444444,3448.25,77.1428571429,264.0,53.4375,1552.2,9.59090909091,109.061264822,2759.25,2.22222222222,0.909090909091,590.8,34.6511627907,0.0,160.0,0.0,42.4242424242
2,3,484280698.667,1832206996,A,3.0,9197.5,173.333333333,204.444444444,3448.25,76.6666666667,262.8,53.4375,1552.2,9.54545454545,109.061264822,2759.25,2.22222222222,0.909090909091,590.8,34.6511627907,0.0,160.0,0.0,42.7272727273
2,3,484280700.667,1832206996,A,3.0,9197.5,173.333333333,204.444444444,3448.25,76.6666666667,262.8,53.4375,1552.2,9.59090909091,109.061264822,2759.25,2.22222222222,0.909090909091,590.8,34.6511627907,0.0,160.0,0.0,42.4242424242
2,3,484280701.0,1832206996,A,3.0,9197.5,173.333333333,204.444444444,3448.25,76.6666666667,264.0,53.4375,1548.3,9.59090909091,109.061264822,2759.25,2.22222222222,0.909090909091,590.8,34.8837209302,0.0,160.0,0.0,42.4242424242
2,3,484280701.667,1832206996,A,3.0,9197.5,173.333333333,204.444444444,3448.25,76.6666666667,264.0,53.4375,1556.1,9.59090909091,109.061264822,2759.25,2.22222222222,0.909090909091,593.6,34.8837209302,0.0,160.0,0.0,42.4242424242
2,3,484280702.667,1832206996,A,3.0,9197.5,173.333333333,204.444444444,3448.25,76.6666666667,264.0,53.4375,1552.2,9.54545454545,109.061264822,2759.25,2.22222222222,0.909090909091,590.8,34.8837209302,0.0,160.0,0.0,42.4242424242
2,3,484280703.667,1832206996,A,3.0,9197.5,173.333333333,204.444444444,3448.25,76.6666666667,264.0,53.4375,1548.3,9.59090909091,109.061264822,2759.25,2.22222222222,0.909090909091,590.8,0.0,0.0,160.0,0.0,42.4242424242
2,3,484280704.667,1832206996,A,3.0,9197.5,173.333333333,204.444444444,3448.25,76.6666666667,264.0,53.4375,1548.3,9.54545454545,109.061264822,2759.25,2.22222222222,0.909090909091,590.8,0.0,0.0,160.0,0.0,42.4242424242
2,3,484280706.0,1832206996,A,3.0,9197.5,173.333333333,205.185185185,3448.25,76.6666666667,264.0,53.4375,916.5,9.45454545455,109.061264822,2759.25,2.22222222222,0.909090909091,523.6,0.0,0.0,160.0,1.0,40.9090909091
2,3,484280706.667,1832206996,A,3.0,9197.5,173.333333333,205.185185185,3448.25,77.1428571429,262.8,59.6875,729.3,9.13636363636,109.061264822,2759.25,2.22222222222,0.909090909091,372.4,0.0,0.0,160.0,1.0,33.6363636364
2,3,484280707.667,1832206996,A,3.0,9197.5,173.333333333,205.185185185,3448.25,76.6666666667,264.0,59.6875,729.3,9.09090909091,109.061264822,2759.25,2.22222222222,0.909090909091,271.6,0.0,0.0,160.0,0.0,33.6363636364
2,3,484280708.667,1832206996,A,3.0,9197.5,173.333333333,205.185185185,3448.25,49.0476190476,148.8,37.1875,1926.6,9.13636363636,109.061264822,2759.25,2.77777777778,0.909090909091,207.2,0.0,0.0,160.0,0.0,26.3636363636
2,3,484280709.667,1832206996,A,3.0,9197.5,173.333333333,205.185185185,3448.25,20.4761904762,61.2,16.25,2519.4,9.13636363636,109.061264822,2759.25,12.3611111111,0.909090909091,142.8,0.0,0.0,160.0,0.0,15.4545454545
2,3,484280710.667,1832206996,A,3.0,9197.5,173.333333333,205.185185185,3448.25,20.4761904762,60.0,15.9375,2531.1,9.13636363636,109.061264822,2759.25,17.7777777778,0.909090909091,100.8,0.0,0.0,160.0,0.0,15.4545454545
2,3,484280711.667,1832206996,A,3.0,9197.5,173.333333333,205.185185185,3448.25,20.4761904762,60.0,15.9375,2519.4,9.09090909091,109.061264822,2759.25,20.5555555556,0.909090909091,67.2,0.0,0.0,160.0,0.0,15.4545454545
2,3,484280713.0,1832206996,A,3.0,9197.5,173.333333333,205.185185185,3448.25,20.4761904762,61.2,15.9375,2332.2,9.13636363636,109.061264822,2759.25,22.2222222222,0.909090909091,47.6,0.0,0.0,156.8,0.0,15.4545454545
2,3,484280713.667,1832206996,A,3.0,9197.5,173.333333333,205.185185185,3448.25,62.8571428571,223.2,52.5,733.2,9.13636363636,109.061264822,2759.25,23.3333333333,0.909090909091,33.6,0.0,0.0,156.8,0.0,30.6060606061
2,3,484280714.667,1832206996,A,3.0,9197.5,173.333333333,205.185185185,3448.25,76.6666666667,262.8,59.6875,737.1,9.13636363636,109.061264822,2759.25,24.1666666667,0.909090909091,22.4,0.0,9.21052631579,166.4,0.0,33.3333333333
2,3,484280715.667,1832206996,A,3.0,9197.5,173.333333333,205.185185185,3448.25,76.6666666667,264.0,59.6875,725.4,9.13636363636,109.061264822,2759.25,24.8611111111,0.909090909091,0.0,0.0,65.5263157895,176.0,0.0,33.3333333333
2,3,484280716.667,1832206996,A,3.0,9197.5,173.333333333,205.185185185,3448.25,77.1428571429,264.0,59.6875,717.6,9.13636363636,109.061264822,2759.25,25.2777777778,0.909090909091,0.0,0.0,65.5263157895,182.4,0.0,33.3333333333
2,3,484280717.667,1832206996,A,3.0,9197.5,173.333333333,205.185185185,3448.25,77.1428571429,264.0,59.6875,729.3,9.13636363636,109.061264822,2759.25,25.5555555556,0.909090909091,0.0,0.0,65.5263157895,182.4,0.0,33.3333333333
2,3,484280718.667,1832206996,A,3.0,9198.33333333,173.333333333,205.185185185,3448.25,77.1428571429,262.8,59.6875,733.2,9.09090909091,109.071146245,2759.5,25.9722222222,0.909090909091,0.0,0.0,66.0526315789,188.8,0.0,33.3333333333
2,3,484280719.667,1832206996,A,3.0,9198.33333333,173.333333333,205.185185185,3448.25,76.6666666667,264.0,59.6875,729.3,9.13636363636,109.071146245,2759.5,26.1111111111,0.909090909091,0.0,0.0,65.5263157895,188.8,0.0,33.3333333333
2,3,484280720.667,1832206996,A,3.0,9198.33333333,173.333333333,205.185185185,3448.25,77.1428571429,264.0,59.6875,733.2,9.09090909091,109.071146245,2759.5,26.3888888889,0.909090909091,0.0,0.0,65.5263157895,188.8,0.0,33.6363636364
2,3,484280721.667,1832206996,A,3.0,9198.33333333,173.333333333,205.185185185,3448.25,77.1428571429,264.0,59.6875,733.2,9.13636363636,109.071146245,2759.5,26.3888888889,0.909090909091,0.0,0.0,65.5263157895,188.8,0.0,33.6363636364
2,3,484280722.667,1832206996,A,3.0,9198.33333333,173.333333333,205.185185185,3448.25,77.1428571429,264.0,59.6875,725.4,9.13636363636,109.071146245,2759.5,26.5277777778,0.909090909091,0.0,0.0,65.5263157895,192.0,0.0,33.3333333333
2,3,484280723.667,1832206996,A,3.0,9198.33333333,173.333333333,205.185185185,3448.25,77.1428571429,264.0,59.6875,725.4,9.13636363636,109.071146245,2759.5,26.5277777778,0.909090909091,0.0,0.0,65.5263157895,192.0,0.0,33.3333333333
2,3,484280724.667,1832206996,A,3.0,9198.33333333,173.333333333,205.185185185,3448.25,77.1428571429,262.8,59.6875,733.2,9.09090909091,109.071146245,2759.5,26.6666666667,0.909090909091,0.0,0.0,66.0526315789,176.0,0.0,33.6363636364
2,3,484280725.667,1832206996,A,3.0,9198.33333333,173.333333333,205.925925926,3448.25,77.1428571429,262.8,59.6875,729.3,9.13636363636,109.071146245,2759.5,26.8055555556,0.909090909091,0.0,0.0,131.052631579,176.0,0.0,33.6363636364
2,3,484280727.0,1832206996,A,3.0,9198.33333333,173.333333333,205.925925926,3448.25,77.1428571429,262.8,59.6875,729.3,9.09090909091,109.071146245,2759.5,26.8055555556,0.909090909091,0.0,0.0,131.052631579,166.4,0.0,33.6363636364
2,3,484280727.667,1832206996,A,3.0,9198.33333333,173.333333333,205.925925926,3448.25,77.1428571429,264.0,59.6875,725.4,9.09090909091,109.071146245,2759.5,26.9444444444,0.909090909091,0.0,0.0,131.578947368,156.8,0.0,33.6363636364
2,3,484280728.667,1832206996,A,3.0,9198.33333333,173.333333333,205.925925926,3448.25,77.1428571429,264.0,59.6875,729.3,9.13636363636,109.071146245,2759.5,26.9444444444,0.909090909091,0.0,0.0,131.578947368,156.8,0.0,33.3333333333
2,3,484280729.667,1832206996,A,3.0,9198.33333333,173.333333333,205.925925926,3448.25,77.1428571429,264.0,59.6875,729.3,9.13636363636,109.071146245,2759.5,26.9444444444,0.909090909091,0.0,0.0,131.052631579,156.8,0.0,33.6363636364
2,3,484280730.667,1832206996,A,3.0,9198.33333333,173.333333333,205.925925926,3448.25,77.1428571429,264.0,59.6875,733.2,9.13636363636,109.071146245,2759.5,26.9444444444,0.909090909091,0.0,0.0,131.052631579,156.8,0.0,33.3333333333
2,3,484280732.0,1832206996,A,3.0,9198.33333333,173.333333333,205.925925926,3448.25,77.1428571429,262.8,59.6875,737.1,9.09090909091,109.071146245,2759.5,26.9444444444,0.909090909091,0.0,0.0,131.052631579,156.8,0.0,33.6363636364
2,3,484280732.667,1832206996,A,3.0,9198.33333333,173.333333333,205.925925926,3448.25,77.1428571429,264.0,59.6875,1010.1,9.09090909091,109.071146245,2759.5,26.9444444444,0.909090909091,0.0,0.0,131.052631579,160.0,1.0,30.9090909091
2,3,484280733.667,1832206996,A,3.0,9198.33333333,173.333333333,205.925925926,3448.25,45.7142857143,60.0,15.9375,1532.7,2.27272727273,109.071146245,2759.5,20.9722222222,0.909090909091,0.0,0.0,131.052631579,160.0,1.0,15.4545454545
2,3,484280734.667,1832206996,A,3.0,9198.33333333,173.333333333,205.925925926,3448.25,45.7142857143,60.0,15.9375,1536.6,2.27272727273,109.071146245,2759.5,17.7777777778,0.909090909091,0.0,0.0,131.578947368,160.0,1.0,15.4545454545
2,3,484280735.667,1832206996,A,3.0,9198.33333333,173.333333333,205.925925926,3448.25,45.7142857143,60.0,15.9375,1540.5,2.31818181818,109.071146245,2759.5,12.5,0.909090909091,0.0,0.0,131.578947368,160.0,1.0,15.4545454545
2,3,484280736.667,1832206996,A,3.0,9198.33333333,173.333333333,205.925925926,3448.25,52.8571428571,0.0,0.0,0.0,0.0,109.071146245,2759.5,10.1388888889,0.909090909091,0.0,0.0,131.578947368,160.0,1.0,0.0
2,3,484280737.667,1832206996,A,3.0,9198.33333333,173.333333333,205.925925926,3448.25,45.7142857143,0.0,0.0,0.0,0.0,109.071146245,2759.5,8.05555555556,0.909090909091,0.0,0.0,197.105263158,160.0,1.0,0.0
2,3,484280738.667,1832206996,A,3.0,9199.16666667,173.333333333,205.925925926,3448.25,59.5238095238,0.0,0.0,4668.3,0.0,109.081027668,2759.75,6.38888888889,0.909090909091,0.0,0.0,197.631578947,160.0,1.0,0.0
2,3,484280739.667,1832206996,A,3.0,9199.16666667,173.333333333,205.925925926,3448.25,67.1428571429,0.0,0.0,0.0,0.0,109.081027668,2759.75,5.27777777778,0.909090909091,0.0,0.0,197.105263158,160.0,1.0,0.0
2,3,484280742.0,1832206996,A,3.0,9199.16666667,173.333333333,205.925925926,3448.25,0.0,0.0,0.0,0.0,0.0,109.081027668,2759.75,3.88888888889,0.909090909091,0.0,0.0,196.578947368,156.8,1.0,0.0
2,3,484280742.333,1832206996,A,3.0,9199.16666667,173.333333333,205.925925926,3448.25,0.0,0.0,0.0,0.0,0.0,109.081027668,2759.75,3.61111111111,0.909090909091,0.0,0.0,196.578947368,156.8,1.0,0.0
2,3,484280742.667,1832206996,A,3.0,9199.16666667,173.333333333,205.925925926,3448.25,0.0,0.0,0.0,0.0,0.0,109.081027668,2759.75,3.47222222222,0.909090909091,0.0,0.0,196.578947368,156.8,1.0,0.0
2,3,484280743.667,1832206996,A,3.0,9199.16666667,173.333333333,205.925925926,3448.25,0.0,0.0,0.0,0.0,0.0,109.081027668,2759.75,2.22222222222,0.909090909091,0.0,0.0,196.578947368,160.0,1.0,0.0
2,3,484280744.667,1832206996,A,3.0,9199.16666667,173.333333333,205.925925926,3448.25,0.0,0.0,0.0,0.0,0.0,109.081027668,2759.75,2.22222222222,0.909090909091,0.0,0.0,197.105263158,160.0,1.0,0.0
2,3,484280745.667,1832206996,A,3.0,9199.16666667,173.703703704,205.925925926,3448.25,0.0,0.0,0.0,0.0,0.0,109.081027668,2759.75,2.22222222222,0.909090909091,0.0,0.0,197.105263158,160.0,1.0,0.0
2,3,484280746.667,1832206996,A,3.0,9199.16666667,173.703703704,205.925925926,3448.25,0.0,0.0,0.0,0.0,0.0,109.081027668,2759.75,2.22222222222,0.909090909091,0.0,0.0,197.105263158,160.0,1.0,0.0
2,3,484280747.667,1832206996,A,3.0,9199.16666667,173.703703704,205.925925926,3448.25,0.0,0.0,0.0,0.0,0.0,109.081027668,2759.75,2.22222222222,0.909090909091,0.0,0.0,41.9736842105,160.0,1.0,0.0
2,3,484280749.0,1832206996,A,3.0,9199.16666667,173.703703704,205.925925926,3448.25,0.0,0.0,0.0,0.0,0.0,109.081027668,2759.75,2.22222222222,0.909090909091,0.0,0.0,0.0,156.8,1.0,0.0
2,3,484280749.667,1832206996,A,3.0,9199.16666667,173.703703704,205.925925926,3448.25,0.0,0.0,0.0,0.0,0.0,109.081027668,2759.75,2.22222222222,0.909090909091,0.0,0.0,0.0,156.8,1.0,0.0
